first_name,last_name,birth_date,from_date,to_date,title
10095,Morton,1965-01-03,1994-03-10,9999-01-01,Senior Staff
10122,Esposito,1965-01-19,1998-08-06,9999-01-01,Technique Leader
10291,Seghrouchni,1965-01-23,1987-03-30,9999-01-01,Senior Staff
10476,Iisaka,1965-01-01,1987-09-20,9999-01-01,Senior Staff
10663,Noriega,1965-01-09,1999-02-12,9999-01-01,Technique Leader
10762,Himler,1965-01-19,1992-01-21,9999-01-01,Senior Staff
10933,Seghrouchni,1965-01-24,1993-08-02,9999-01-01,Senior Engineer
12155,Glinert,1965-01-21,1993-09-16,9999-01-01,Engineer
12408,Sudkamp,1965-01-10,1995-04-18,9999-01-01,Senior Engineer
12643,Schurmann,1965-01-30,1998-12-31,9999-01-01,Staff
13499,Sidou,1965-01-16,1991-09-01,9999-01-01,Technique Leader
14075,Tchuente,1965-01-03,1991-05-30,9999-01-01,Assistant Engineer
14104,Demian,1965-01-03,1994-07-23,9999-01-01,Senior Staff
14127,Cannard,1965-01-10,1994-04-22,9999-01-01,Engineer
14158,Setiz,1965-01-22,1990-02-06,9999-01-01,Senior Staff
14476,Marrevee,1965-01-19,1999-09-25,9999-01-01,Engineer
14907,Luga,1965-01-14,1986-12-18,9999-01-01,Senior Staff
15050,Kruskal,1965-01-18,1990-12-17,9999-01-01,Engineer
15058,Bugrara,1965-01-30,1990-06-18,9999-01-01,Senior Staff
15413,Rabejac,1965-01-17,1994-01-01,9999-01-01,Engineer
16461,Schahn,1965-01-14,1986-09-06,9999-01-01,Senior Staff
16528,Swick,1965-01-21,1996-05-07,9999-01-01,Assistant Engineer
17013,Garigliano,1965-01-15,1995-05-24,9999-01-01,Senior Staff
17206,DeMori,1965-01-02,1992-12-27,9999-01-01,Engineer
17369,Kenevan,1965-01-31,2000-09-15,9999-01-01,Engineer
17447,Boreale,1965-01-11,1998-12-16,9999-01-01,Staff
17731,Roison,1965-01-16,1989-12-06,9999-01-01,Assistant Engineer
17970,Carrere,1965-01-06,1989-01-09,9999-01-01,Technique Leader
17988,Calkin,1965-01-31,1989-11-30,9999-01-01,Engineer
18021,Matzke,1965-01-07,1987-05-08,9999-01-01,Engineer
18424,Rousseau,1965-01-19,1995-06-07,9999-01-01,Engineer
18583,Honglei,1965-01-03,1998-08-16,9999-01-01,Staff
18617,Crouzet,1965-01-21,1989-04-24,9999-01-01,Senior Staff
18810,Jarecki,1965-01-09,1991-06-27,9999-01-01,Engineer
19236,Morris,1965-01-24,1988-07-12,9999-01-01,Engineer
19350,Yoshizawa,1965-01-19,1994-03-27,9999-01-01,Senior Staff
19803,Kowalchuk,1965-01-30,1987-06-13,9999-01-01,Engineer
20100,Heuter,1965-01-18,1986-06-15,9999-01-01,Senior Staff
20128,Peak,1965-01-23,1999-08-13,9999-01-01,Senior Staff
20129,Skafidas,1965-01-10,1991-03-28,9999-01-01,Engineer
20248,Demri,1965-01-12,1999-12-31,9999-01-01,Staff
20313,Benveniste,1965-01-24,1999-01-20,9999-01-01,Engineer
20500,Trystram,1965-01-30,1993-10-15,9999-01-01,Senior Staff
20885,Rothenberg,1965-01-21,1989-03-14,9999-01-01,Engineer
21181,Cangellaris,1965-01-21,1991-10-06,9999-01-01,Assistant Engineer
21188,Danecki,1965-01-21,2000-01-08,9999-01-01,Engineer
21546,Lanteri,1965-01-01,2002-03-19,9999-01-01,Senior Staff
21843,Azadmanesh,1965-01-09,1985-11-29,9999-01-01,Senior Engineer
21909,Brizzi,1965-01-04,1991-12-28,9999-01-01,Senior Staff
22185,Birch,1965-01-29,2002-06-12,9999-01-01,Assistant Engineer
22415,Jumpertz,1965-01-20,1994-08-24,9999-01-01,Senior Staff
22451,Bresenham,1965-01-27,1994-01-19,9999-01-01,Senior Staff
22455,Unno,1965-01-06,1990-11-16,9999-01-01,Senior Staff
22926,Genther,1965-01-01,1988-01-15,9999-01-01,Engineer
23396,Fairtlough,1965-01-02,1986-12-15,9999-01-01,Technique Leader
24080,Perez,1965-01-26,1996-03-11,9999-01-01,Technique Leader
24205,Rubsam,1965-01-25,1993-09-19,9999-01-01,Senior Engineer
24377,Wroclawski,1965-01-25,1993-07-25,9999-01-01,Engineer
24394,Conta,1965-01-04,1994-09-10,9999-01-01,Staff
24553,Passafiume,1965-01-12,1987-01-30,9999-01-01,Senior Staff
24571,Gischer,1965-01-20,1989-03-14,9999-01-01,Engineer
25488,Basawa,1965-01-19,1991-11-09,9999-01-01,Senior Staff
26629,Rodham,1965-01-28,1998-12-14,9999-01-01,Senior Staff
26671,Kalorkoti,1965-01-21,1994-12-25,9999-01-01,Engineer
26788,Dalphin,1965-01-25,1988-04-23,9999-01-01,Engineer
27331,Krohm,1965-01-19,1991-01-22,9999-01-01,Senior Staff
27378,Leppanen,1965-01-28,1999-02-25,9999-01-01,Senior Staff
27620,Kandlur,1965-01-25,1990-03-02,9999-01-01,Engineer
27686,Rosiles,1965-01-28,1998-03-03,9999-01-01,Senior Staff
27699,Pezzoli,1965-01-15,1996-12-23,9999-01-01,Engineer
27767,Veldwijk,1965-01-27,1993-11-21,9999-01-01,Senior Staff
28193,Mitsuhashi,1965-01-29,1988-12-14,9999-01-01,Engineer
28974,Sundgren,1965-01-09,1986-09-02,9999-01-01,Senior Engineer
28988,Giveon,1965-01-18,1998-09-09,9999-01-01,Technique Leader
29130,Thorensen,1965-01-06,1998-04-26,9999-01-01,Staff
29265,Calkin,1965-01-14,1988-03-21,9999-01-01,Senior Staff
29380,Vidal,1965-01-30,1998-05-02,9999-01-01,Assistant Engineer
29418,Mersereau,1965-01-22,1998-07-01,9999-01-01,Assistant Engineer
29679,Steenbeek,1965-01-17,1986-10-18,9999-01-01,Senior Engineer
29782,Hellwagner,1965-01-29,2000-10-23,9999-01-01,Senior Engineer
29954,Giarratana,1965-01-27,1992-09-29,9999-01-01,Senior Engineer
30007,Vecchio,1965-01-24,1990-02-23,9999-01-01,Engineer
30035,Conta,1965-01-08,1995-07-04,9999-01-01,Senior Staff
30154,Skafidas,1965-01-26,1999-04-19,9999-01-01,Technique Leader
30182,Potthoff,1965-01-26,1985-12-08,9999-01-01,Engineer
30465,Avouris,1965-01-28,1986-07-16,9999-01-01,Engineer
30484,Chvatal,1965-01-11,1999-05-18,9999-01-01,Staff
30695,Majewski,1965-01-08,1999-10-26,9999-01-01,Senior Engineer
30938,Samarati,1965-01-06,1997-10-10,9999-01-01,Senior Staff
31147,Sidhu,1965-01-04,1989-07-05,9999-01-01,Senior Staff
31188,Gist,1965-01-12,1993-02-03,9999-01-01,Technique Leader
31207,Dulin,1965-01-30,1993-08-05,9999-01-01,Senior Engineer
31341,Zultner,1965-01-01,1991-03-23,9999-01-01,Senior Staff
31514,Schapire,1965-01-13,1996-11-09,9999-01-01,Engineer
31568,Lalonde,1965-01-10,1996-11-24,9999-01-01,Staff
31909,Peek,1965-01-10,2000-10-30,9999-01-01,Engineer
32347,Peres,1965-01-08,1990-09-15,9999-01-01,Senior Staff
32552,Stanger,1965-01-17,1993-09-10,9999-01-01,Assistant Engineer
32649,Nannarelli,1965-01-12,1988-06-10,9999-01-01,Senior Staff
32714,Maliniak,1965-01-16,2001-09-18,9999-01-01,Staff
32844,Melton,1965-01-23,1995-01-07,9999-01-01,Engineer
33025,Thorelli,1965-01-12,1999-12-16,9999-01-01,Senior Staff
33215,Fasbender,1965-01-29,1993-02-14,9999-01-01,Technique Leader
33722,Collette,1965-01-15,2001-02-03,9999-01-01,Senior Engineer
34077,Sichman,1965-01-08,1988-11-16,9999-01-01,Senior Staff
34261,Callaway,1965-01-05,1990-12-30,9999-01-01,Senior Staff
34446,Bauknecht,1965-01-31,1986-12-19,9999-01-01,Senior Engineer
34452,Foong,1965-01-08,1991-05-10,9999-01-01,Engineer
34505,Kumaresan,1965-01-28,1994-09-06,9999-01-01,Senior Staff
34533,Shigei,1965-01-10,1995-01-16,9999-01-01,Senior Engineer
34780,Kohling,1965-01-16,2001-09-18,9999-01-01,Staff
34788,Babu,1965-01-27,1994-08-31,9999-01-01,Senior Engineer
34936,Stamatiou,1965-01-12,1991-02-12,9999-01-01,Technique Leader
35044,Waschkowski,1965-01-04,1989-05-27,9999-01-01,Engineer
35087,Ashish,1965-01-17,1994-10-14,9999-01-01,Senior Staff
35441,Peek,1965-01-31,1990-09-17,9999-01-01,Engineer
35642,Talmon,1965-01-30,1999-02-28,9999-01-01,Engineer
35793,Kusalik,1965-01-01,1991-05-11,9999-01-01,Senior Staff
35798,Oberman,1965-01-29,1997-03-15,9999-01-01,Senior Engineer
36521,Gladwell,1965-01-21,1987-03-06,9999-01-01,Staff
36626,Genin,1965-01-02,1986-05-09,9999-01-01,Senior Staff
36733,Reinhard,1965-01-04,1997-11-01,9999-01-01,Staff
36844,Levergood,1965-01-01,2000-01-12,9999-01-01,Staff
36982,Rajala,1965-01-22,1992-06-23,9999-01-01,Engineer
37070,Undy,1965-01-22,1985-02-13,9999-01-01,Senior Staff
37945,Butterworth,1965-01-02,1994-02-19,9999-01-01,Senior Engineer
38043,Randi,1965-01-05,1985-11-23,9999-01-01,Engineer
38103,Babu,1965-01-12,1988-03-31,9999-01-01,Engineer
38168,Deverell,1965-01-14,1987-08-15,9999-01-01,Senior Staff
38550,Baez,1965-01-14,1987-02-16,9999-01-01,Senior Engineer
38593,Orsini,1965-01-14,1986-06-04,9999-01-01,Engineer
38947,Ruemmler,1965-01-25,1998-04-08,9999-01-01,Senior Staff
39000,Vendrig,1965-01-08,1997-03-03,9999-01-01,Senior Staff
39036,Cappelli,1965-01-08,1996-05-04,9999-01-01,Staff
39301,Kawashima,1965-01-07,1992-02-06,9999-01-01,Senior Staff
39341,Lampe,1965-01-01,1985-05-11,9999-01-01,Engineer
39952,Sudbeck,1965-01-02,1998-07-22,9999-01-01,Staff
40269,Ghazalie,1965-01-10,1991-12-05,9999-01-01,Senior Staff
40283,Boissier,1965-01-07,1985-05-11,9999-01-01,Engineer
40301,Felder,1965-01-20,1997-10-20,9999-01-01,Senior Engineer
40536,Bernardinello,1965-01-20,1988-02-29,9999-01-01,Engineer
40765,Ramsak,1965-01-01,1992-12-21,9999-01-01,Senior Staff
40773,Aingworth,1965-01-09,1986-04-13,9999-01-01,Staff
40983,Cherinka,1965-01-17,1986-12-01,9999-01-01,Technique Leader
41114,Thummel,1965-01-25,1995-12-24,9999-01-01,Technique Leader
41137,Buchter,1965-01-20,1996-01-08,9999-01-01,Senior Staff
41357,Vernadat,1965-01-06,1997-03-04,9999-01-01,Engineer
41518,Schapiro,1965-01-11,2001-02-08,9999-01-01,Senior Engineer
41520,Uhrik,1965-01-20,1988-03-21,9999-01-01,Senior Engineer
41609,Simmen,1965-01-04,1987-10-13,9999-01-01,Senior Staff
42778,Remmers,1965-01-19,1987-12-18,9999-01-01,Staff
42911,Eterovic,1965-01-29,1994-10-08,9999-01-01,Engineer
42950,Eickenmeyer,1965-01-22,1993-10-09,9999-01-01,Senior Staff
42955,Lortz,1965-01-12,1995-02-21,9999-01-01,Engineer
43154,Waterhouse,1965-01-13,1997-07-04,9999-01-01,Senior Staff
43733,Boguraev,1965-01-26,1993-12-31,9999-01-01,Staff
43848,Oxenboll,1965-01-11,1999-05-26,9999-01-01,Engineer
44054,Ritcey,1965-01-18,1997-02-09,9999-01-01,Engineer
44265,Eppinger,1965-01-24,1997-01-30,9999-01-01,Engineer
44540,Sadowski,1965-01-16,1989-11-12,9999-01-01,Senior Engineer
44900,Schwaller,1965-01-05,1994-08-10,9999-01-01,Senior Staff
44959,Uhrik,1965-01-21,1988-01-16,9999-01-01,Senior Engineer
44962,Wynblatt,1965-01-16,1996-05-18,9999-01-01,Assistant Engineer
45162,Speel,1965-01-11,1987-10-19,9999-01-01,Engineer
46000,Penn,1965-01-26,1997-07-24,9999-01-01,Senior Staff
46328,Trogemann,1965-01-05,1997-01-27,9999-01-01,Senior Staff
46811,Berendt,1965-01-10,1988-04-27,9999-01-01,Senior Engineer
46834,Daescu,1965-01-22,1998-03-20,9999-01-01,Senior Staff
46943,Maraist,1965-01-31,1993-12-06,9999-01-01,Senior Engineer
47016,Litecky,1965-01-03,1989-03-01,9999-01-01,Senior Staff
47139,Usdin,1965-01-25,1996-10-29,9999-01-01,Engineer
47262,Binkley,1965-01-10,1985-08-16,9999-01-01,Engineer
47515,Jenevein,1965-01-26,1987-01-18,9999-01-01,Senior Engineer
47702,Vieri,1965-01-21,1991-08-12,9999-01-01,Staff
47708,Haldar,1965-01-05,1995-07-12,9999-01-01,Senior Staff
48275,Massonet,1965-01-29,1987-11-20,9999-01-01,Senior Staff
48690,Schaap,1965-01-12,1999-09-27,9999-01-01,Staff
48882,Lamparter,1965-01-28,1993-06-07,9999-01-01,Senior Engineer
48904,Malabarba,1965-01-23,1994-03-07,9999-01-01,Senior Staff
48947,Akaboshi,1965-01-05,1992-05-20,9999-01-01,Senior Staff
49010,Benantar,1965-01-16,1990-03-30,9999-01-01,Senior Staff
49017,Flanders,1965-01-07,1990-11-26,9999-01-01,Senior Engineer
49119,Peek,1965-01-09,1991-05-16,9999-01-01,Senior Engineer
49177,Bach,1965-01-03,1999-03-09,9999-01-01,Engineer
49464,Cappelletti,1965-01-14,1999-09-10,9999-01-01,Staff
49477,Leaver,1965-01-14,1998-08-05,9999-01-01,Senior Staff
50293,Rindone,1965-01-26,1996-10-08,9999-01-01,Engineer
50311,Stafford,1965-01-24,1996-10-06,9999-01-01,Senior Engineer
50453,Harbusch,1965-01-12,1997-10-02,9999-01-01,Staff
50670,Snedden,1965-01-30,1985-02-20,9999-01-01,Senior Staff
50831,Khalid,1965-01-06,1996-06-11,9999-01-01,Senior Engineer
51036,Fasbender,1965-01-29,1995-05-23,9999-01-01,Staff
51057,Albarhamtoshy,1965-01-29,1991-09-27,9999-01-01,Senior Staff
51060,Rohrbach,1965-01-15,1989-10-20,9999-01-01,Engineer
51142,Lakshmanan,1965-01-29,1986-01-31,9999-01-01,Senior Engineer
52038,Armand,1965-01-13,1985-05-18,9999-01-01,Senior Engineer
52040,Heijenga,1965-01-14,1996-12-08,9999-01-01,Staff
52283,Krupka,1965-01-20,1994-03-11,9999-01-01,Staff
52386,Denti,1965-01-28,1986-05-30,9999-01-01,Senior Staff
52590,Munoz,1965-01-21,1996-10-07,9999-01-01,Senior Staff
52599,Mungall,1965-01-25,1994-01-13,9999-01-01,Engineer
52639,Colorni,1965-01-09,1996-02-05,9999-01-01,Senior Staff
52770,Yurek,1965-01-31,1992-08-28,9999-01-01,Senior Staff
52778,Penn,1965-01-15,1986-05-03,9999-01-01,Technique Leader
52956,Picci,1965-01-31,1998-11-24,9999-01-01,Engineer
52970,Werthner,1965-01-22,1988-03-17,9999-01-01,Engineer
53278,Lortz,1965-01-31,1993-02-01,9999-01-01,Senior Staff
53314,Carrera,1965-01-06,1999-02-23,9999-01-01,Staff
53431,Vasanthakumar,1965-01-12,1993-05-24,9999-01-01,Senior Staff
53499,Mandelberg,1965-01-20,1994-09-11,9999-01-01,Senior Engineer
53597,Marchegay,1965-01-30,1985-03-02,9999-01-01,Engineer
53874,Schade,1965-01-23,1986-02-14,9999-01-01,Staff
53924,Gaughan,1965-01-27,1991-01-23,9999-01-01,Senior Engineer
54198,Segond,1965-01-01,1986-01-06,9999-01-01,Engineer
54632,Serot,1965-01-19,1989-06-14,9999-01-01,Senior Staff
54795,Nergos,1965-01-29,1994-03-02,9999-01-01,Staff
54800,Cangellaris,1965-01-13,2000-01-27,9999-01-01,Staff
55640,Syrotiuk,1965-01-25,1993-07-16,9999-01-01,Senior Engineer
55687,Lindqvist,1965-01-02,1995-03-29,9999-01-01,Senior Engineer
55799,Litzler,1965-01-23,1987-06-17,9999-01-01,Senior Engineer
55857,Scallan,1965-01-18,1987-09-15,9999-01-01,Senior Staff
56105,Remmers,1965-01-11,1989-04-16,9999-01-01,Senior Engineer
56209,Douceur,1965-01-19,1992-12-01,9999-01-01,Engineer
56415,Nivat,1965-01-30,1991-10-24,9999-01-01,Senior Staff
56428,Hanabata,1965-01-27,1986-11-10,9999-01-01,Senior Staff
56682,Picco,1965-01-28,1993-11-06,9999-01-01,Assistant Engineer
56829,Gruenwald,1965-01-09,1997-06-14,9999-01-01,Engineer
56847,Chinin,1965-01-14,1998-08-27,9999-01-01,Senior Engineer
57934,Boudaillier,1965-01-25,1989-12-27,9999-01-01,Engineer
58141,Karner,1965-01-05,1994-09-27,9999-01-01,Staff
58147,Sullins,1965-01-09,1988-02-24,9999-01-01,Senior Staff
58384,Vural,1965-01-22,1993-11-14,9999-01-01,Engineer
58454,Zambonelli,1965-01-25,1999-06-29,9999-01-01,Engineer
58497,Cairo,1965-01-22,2000-10-21,9999-01-01,Senior Staff
58819,Liesche,1965-01-04,1987-12-02,9999-01-01,Senior Staff
58990,Trelles,1965-01-04,1998-11-18,9999-01-01,Engineer
59195,Pollock,1965-01-08,1990-06-19,9999-01-01,Technique Leader
59640,Hiltgen,1965-01-18,1999-01-26,9999-01-01,Staff
59869,Riefers,1965-02-01,1987-09-25,9999-01-01,Senior Staff
59966,Salvesen,1965-01-28,1993-02-03,9999-01-01,Technique Leader
60000,Emmart,1965-01-16,1995-09-23,9999-01-01,Engineer
60091,Bade,1965-02-01,1990-04-11,9999-01-01,Staff
60238,Claffy,1965-01-23,1999-02-19,9999-01-01,Staff
60559,Stemann,1965-01-19,1988-08-29,9999-01-01,Engineer
60821,Mersereau,1965-01-02,1991-09-03,9999-01-01,Senior Staff
60845,Siegrist,1965-01-14,1997-05-13,9999-01-01,Engineer
60875,Masaki,1965-01-21,1990-01-14,9999-01-01,Senior Engineer
60959,Sridhar,1965-01-09,1989-10-19,9999-01-01,Senior Staff
61147,Werthner,1965-01-30,1999-03-03,9999-01-01,Staff
61253,Uhrik,1965-01-09,2002-05-09,9999-01-01,Senior Engineer
61377,Ohori,1965-01-01,1997-04-13,9999-01-01,Staff
61541,Papsdorf,1965-01-08,1993-08-17,9999-01-01,Engineer
61873,Rusmann,1965-01-19,1993-02-26,9999-01-01,Engineer
62033,Cappelli,1965-01-24,1987-01-15,9999-01-01,Senior Engineer
62046,Nanard,1965-01-31,1992-09-19,9999-01-01,Engineer
62245,Bressoud,1965-01-01,1995-08-30,9999-01-01,Engineer
63294,Tanemo,1965-01-23,1997-03-01,9999-01-01,Senior Engineer
63419,Seuren,1965-01-14,1989-03-05,9999-01-01,Senior Engineer
63441,Scallan,1965-01-15,1999-04-04,9999-01-01,Staff
63566,Slaats,1965-01-31,1999-01-12,9999-01-01,Senior Staff
63631,Cherinka,1965-01-22,1987-10-15,9999-01-01,Senior Engineer
63706,Itzigehl,1965-01-26,1997-07-31,9999-01-01,Engineer
64023,Benzmuller,1965-01-11,1999-11-08,9999-01-01,Senior Engineer
64209,Schoegge,1965-01-24,1988-02-26,9999-01-01,Senior Staff
64487,Rebaine,1965-01-27,1986-09-17,9999-01-01,Senior Engineer
64532,Segond,1965-01-23,1990-11-29,9999-01-01,Senior Engineer
64632,Brender,1965-01-07,1996-02-21,9999-01-01,Senior Staff
64790,Piveteau,1965-01-29,1985-04-19,9999-01-01,Engineer
64828,Pappas,1965-01-27,1999-09-30,9999-01-01,Staff
64984,Eldridge,1965-01-06,1994-08-04,9999-01-01,Engineer
65171,Tasistro,1965-01-25,1994-07-06,9999-01-01,Technique Leader
65539,Picaronny,1965-01-23,1991-01-27,9999-01-01,Senior Engineer
65883,Pepe,1965-01-07,1991-04-19,9999-01-01,Senior Staff
65998,Alameldin,1965-01-09,1989-04-08,9999-01-01,Staff
66382,Candan,1965-01-04,1997-07-13,9999-01-01,Engineer
66530,Leaver,1965-01-29,1998-04-04,9999-01-01,Staff
66643,Tomescu,1965-01-18,1996-08-26,9999-01-01,Engineer
66702,Thibadeau,1965-02-01,1994-09-27,9999-01-01,Senior Engineer
66757,Baig,1965-01-16,1999-04-10,9999-01-01,Staff
66807,Rosaz,1965-01-21,1990-05-22,9999-01-01,Engineer
67320,Lorys,1965-01-18,1987-05-10,9999-01-01,Senior Staff
67548,Roohalamini,1965-01-11,1998-06-27,9999-01-01,Staff
67934,Gargeya,1965-01-07,1985-03-07,9999-01-01,Engineer
68416,Debuse,1965-01-27,1990-11-08,9999-01-01,Senior Engineer
68608,Seghrouchni,1965-01-26,1989-06-09,9999-01-01,Senior Engineer
68633,Rassart,1965-01-28,1993-07-29,9999-01-01,Senior Engineer
68648,DiGiano,1965-01-25,1992-04-01,9999-01-01,Technique Leader
69052,Shrader,1965-01-26,1995-08-05,9999-01-01,Senior Staff
69219,Redmiles,1965-01-09,1994-11-19,9999-01-01,Senior Staff
69867,Rothe,1965-01-22,1991-04-09,9999-01-01,Staff
69878,Cooke,1965-01-24,1997-01-29,9999-01-01,Engineer
69936,Unni,1965-01-23,1999-01-31,9999-01-01,Assistant Engineer
70469,Miyakawa,1965-01-12,1990-09-03,9999-01-01,Senior Staff
70990,Nitta,1965-01-22,1990-03-23,9999-01-01,Senior Engineer
71066,Basart,1965-01-27,1996-01-05,9999-01-01,Senior Staff
71141,Vitiello,1965-01-02,1992-02-17,9999-01-01,Senior Staff
71188,Schapiro,1965-01-02,1986-12-14,9999-01-01,Staff
71243,Buchter,1965-01-10,1986-03-29,9999-01-01,Senior Engineer
71334,Peck,1965-01-15,2001-03-04,9999-01-01,Engineer
71685,Olano,1965-01-01,1989-10-03,9999-01-01,Senior Engineer
71710,Takanami,1965-01-31,1997-12-15,9999-01-01,Assistant Engineer
71745,Laventhal,1965-01-02,1992-05-13,9999-01-01,Assistant Engineer
72190,Waeselynck,1965-01-19,1999-09-13,9999-01-01,Engineer
72194,Siepmann,1965-01-26,1998-10-01,9999-01-01,Senior Engineer
72232,Veldwijk,1965-01-10,1989-07-10,9999-01-01,Engineer
72640,Hutton,1965-01-24,1993-10-04,9999-01-01,Senior Engineer
72918,Szilard,1965-01-22,1988-01-16,9999-01-01,Staff
73076,Feldhoffer,1965-01-22,1993-03-16,9999-01-01,Senior Engineer
73233,Merey,1965-01-15,1985-07-30,9999-01-01,Senior Engineer
73516,Badache,1965-01-14,1989-06-25,9999-01-01,Senior Engineer
73743,Bernardeschi,1965-01-15,2000-10-15,9999-01-01,Engineer
74200,Weiland,1965-01-16,1991-09-24,9999-01-01,Senior Engineer
74344,Provine,1965-02-01,1994-11-25,9999-01-01,Engineer
74668,Bonifati,1965-01-01,1987-04-09,9999-01-01,Senior Staff
74800,Conde,1965-01-25,1989-03-08,9999-01-01,Assistant Engineer
75354,Jakobus,1965-01-11,1986-06-16,9999-01-01,Senior Engineer
75703,Erman,1965-01-08,1996-07-25,9999-01-01,Senior Engineer
76189,Hinsberger,1965-01-02,1986-10-20,9999-01-01,Senior Engineer
76201,Preusig,1965-01-10,1992-04-02,9999-01-01,Senior Engineer
76640,Mitsuhashi,1965-01-02,1994-07-13,9999-01-01,Engineer
77030,Garnham,1965-01-02,1986-03-02,9999-01-01,Technique Leader
77303,Birge,1965-01-18,1992-03-05,9999-01-01,Senior Staff
77647,Schaaf,1965-01-07,1989-11-05,9999-01-01,Technique Leader
77815,Picaronny,1965-01-21,1993-06-09,9999-01-01,Assistant Engineer
78106,Ratnaker,1965-01-09,2000-01-17,9999-01-01,Senior Staff
78363,Fritzsche,1965-01-03,1998-06-23,9999-01-01,Engineer
78469,Cappelli,1965-01-28,1997-08-22,9999-01-01,Staff
78871,Ghandeharizadeh,1965-01-15,1985-05-25,9999-01-01,Senior Engineer
79043,Hockney,1965-01-24,1999-11-07,9999-01-01,Technique Leader
79171,Ellozy,1965-01-19,1991-01-12,9999-01-01,Senior Engineer
79310,Cunliffe,1965-01-24,1996-10-27,9999-01-01,Senior Staff
79606,Peir,1965-01-03,1986-12-11,9999-01-01,Senior Engineer
79763,Barreiro,1965-01-20,1988-04-09,9999-01-01,Senior Staff
79895,Murtagh,1965-01-30,1986-01-19,9999-01-01,Senior Staff
80067,Weiland,1965-01-19,1985-11-09,9999-01-01,Staff
80203,Baik,1965-01-22,1993-12-01,9999-01-01,Staff
80432,Figueira,1965-01-17,1990-03-14,9999-01-01,Senior Staff
80731,Eldridge,1965-01-25,1987-12-05,9999-01-01,Senior Staff
80850,Luit,1965-02-01,1995-04-16,9999-01-01,Engineer
80889,Linnainmaa,1965-01-07,1985-07-30,9999-01-01,Senior Engineer
80948,Bardell,1965-01-27,1991-05-24,9999-01-01,Engineer
81105,Boissier,1965-01-14,1992-05-24,9999-01-01,Senior Engineer
81545,Kornyak,1965-01-13,2000-02-07,9999-01-01,Technique Leader
81644,Ghandeharizadeh,1965-01-05,1997-11-28,9999-01-01,Staff
81995,Brender,1965-01-10,1990-03-22,9999-01-01,Engineer
82069,Perfilyeva,1965-01-20,1994-11-03,9999-01-01,Engineer
82098,Wilharm,1965-01-25,1991-04-20,9999-01-01,Senior Engineer
82351,Thambidurai,1965-01-26,1989-10-27,9999-01-01,Senior Staff
82511,Koblick,1965-01-27,1998-04-04,9999-01-01,Engineer
82919,Claffy,1965-01-05,1998-12-19,9999-01-01,Engineer
82928,Rikino,1965-01-27,1990-11-16,9999-01-01,Engineer
83280,Ellozy,1965-01-07,1999-08-08,9999-01-01,Senior Engineer
83289,Engelmann,1965-01-09,1994-01-09,9999-01-01,Senior Engineer
83509,Collavizza,1965-01-04,1989-10-12,9999-01-01,Engineer
83544,Baak,1965-01-18,1994-09-05,9999-01-01,Staff
83714,Kilgore,1965-01-27,2000-10-10,9999-01-01,Engineer
83805,Harllee,1965-01-23,1987-03-11,9999-01-01,Senior Engineer
83941,Hagimont,1965-01-11,1996-10-08,9999-01-01,Senior Staff
84029,Eugenio,1965-01-27,1997-09-21,9999-01-01,Staff
84179,Nanard,1965-01-25,1989-03-14,9999-01-01,Senior Engineer
84236,Barriga,1965-01-18,1987-06-04,9999-01-01,Staff
84315,Baumann,1965-01-23,1996-09-26,9999-01-01,Assistant Engineer
84451,Aumann,1965-01-20,1998-06-14,9999-01-01,Senior Engineer
84508,Vidya,1965-01-17,1998-05-02,9999-01-01,Engineer
84840,Neimat,1965-01-14,1996-11-03,9999-01-01,Staff
84922,Unno,1965-01-22,1996-07-01,9999-01-01,Engineer
84942,Fujisaki,1965-01-15,1988-02-23,9999-01-01,Technique Leader
85216,Rosiles,1965-01-18,1997-07-08,9999-01-01,Senior Staff
85288,Luders,1965-01-06,1998-12-08,9999-01-01,Engineer
85414,Callaway,1965-01-14,1999-07-30,9999-01-01,Staff
85445,Pollock,1965-01-09,1998-03-17,9999-01-01,Staff
85702,Merks,1965-01-04,1997-08-15,9999-01-01,Engineer
85874,Taubman,1965-01-30,1986-06-23,9999-01-01,Senior Staff
86213,Clemencon,1965-01-28,1993-06-01,9999-01-01,Staff
86354,Segond,1965-01-27,1993-09-13,9999-01-01,Senior Engineer
86422,Thummel,1965-02-01,1985-09-14,9999-01-01,Staff
86546,Woycyznski,1965-01-09,1985-05-15,9999-01-01,Senior Engineer
86655,Lorys,1965-01-01,1995-08-21,9999-01-01,Engineer
86672,Anido,1965-01-15,1995-09-15,9999-01-01,Staff
87129,Neiman,1965-01-16,1997-04-13,9999-01-01,Staff
87353,Coombs,1965-01-07,1999-01-17,9999-01-01,Senior Engineer
87714,Janetzko,1965-01-16,1989-09-13,9999-01-01,Assistant Engineer
87729,Roccetti,1965-01-24,1986-12-10,9999-01-01,Staff
87783,Thorensen,1965-01-26,1988-02-24,9999-01-01,Senior Engineer
88103,Bresenham,1965-01-09,1999-01-31,9999-01-01,Senior Staff
88411,Cannane,1965-01-31,2000-01-28,9999-01-01,Engineer
88422,Birsak,1965-01-28,1985-04-03,9999-01-01,Technique Leader
88647,Ratnaker,1965-01-10,1995-08-09,9999-01-01,Engineer
88958,Coombs,1965-01-22,1995-07-23,9999-01-01,Staff
88965,Hedayat,1965-01-20,1995-05-22,9999-01-01,Engineer
89048,Birjandi,1965-01-24,1985-03-23,9999-01-01,Engineer
89090,Theuretzbacher,1965-01-26,1990-02-01,9999-01-01,Staff
89161,Yetto,1965-01-07,1991-01-12,9999-01-01,Senior Staff
89207,Erol,1965-01-15,1992-10-16,9999-01-01,Staff
89346,Comyn,1965-01-13,1999-08-31,9999-01-01,Engineer
89590,Rothenberg,1965-01-27,1991-08-08,9999-01-01,Senior Staff
89664,Rossi,1965-01-20,1998-07-07,9999-01-01,Staff
89680,Mawatari,1965-01-27,1988-05-01,9999-01-01,Engineer
89806,Shinomoto,1965-01-27,1997-05-24,9999-01-01,Senior Engineer
89922,Ibel,1965-01-26,1988-04-24,9999-01-01,Engineer
89941,Weedman,1965-01-23,1989-07-28,9999-01-01,Senior Staff
90077,Guerreiro,1965-01-24,1991-07-08,9999-01-01,Assistant Engineer
90084,Bale,1965-01-01,1989-11-22,9999-01-01,Senior Engineer
90211,Denis,1965-01-15,1997-10-06,9999-01-01,Engineer
90292,Assaf,1965-01-09,1990-05-26,9999-01-01,Engineer
90518,Chepyzhov,1965-01-24,1988-01-28,9999-01-01,Senior Staff
90614,Trogemann,1965-01-29,1988-09-23,9999-01-01,Engineer
90692,DasSarma,1965-01-03,1985-09-14,9999-01-01,Senior Staff
91172,Melter,1965-01-19,1987-07-16,9999-01-01,Staff
91182,Schwartzburd,1965-01-04,1988-08-25,9999-01-01,Engineer
91229,Hebden,1965-01-01,1996-10-03,9999-01-01,Engineer
91256,Milicic,1965-01-13,1998-01-09,9999-01-01,Staff
91333,Stafford,1965-01-27,1998-11-29,9999-01-01,Staff
91415,Nilsson,1965-01-04,1987-01-15,9999-01-01,Staff
91648,Msuda,1965-01-29,1988-10-22,9999-01-01,Staff
92438,Kilgore,1965-01-04,1992-04-11,9999-01-01,Engineer
92454,McFarlan,1965-01-24,1987-10-22,9999-01-01,Senior Engineer
92577,Farrow,1965-01-06,1999-01-10,9999-01-01,Assistant Engineer
92598,Merro,1965-01-18,1996-05-11,9999-01-01,Assistant Engineer
92685,Atchley,1965-01-26,1995-06-07,9999-01-01,Senior Staff
92841,Candan,1965-01-22,1993-08-04,9999-01-01,Senior Staff
92846,Kropatsch,1965-01-11,1986-09-05,9999-01-01,Senior Staff
92920,Hutter,1965-01-20,1993-01-28,9999-01-01,Senior Engineer
93040,Kabayashi,1965-01-19,1992-03-13,9999-01-01,Senior Engineer
93220,Walston,1965-01-11,1996-08-27,9999-01-01,Senior Engineer
93278,Penn,1965-02-01,1997-01-04,9999-01-01,Engineer
93549,Coullard,1965-02-01,2000-03-28,9999-01-01,Staff
93600,Neimat,1965-01-13,1988-04-18,9999-01-01,Technique Leader
94331,Cronau,1965-01-26,1999-09-03,9999-01-01,Technique Leader
94416,Cesareni,1965-01-01,2001-11-20,9999-01-01,Senior Staff
94761,Zaccaria,1965-01-27,1988-11-22,9999-01-01,Senior Engineer
94944,Matheson,1965-01-13,1988-06-24,9999-01-01,Engineer
95181,Cappelli,1965-01-28,1997-01-30,9999-01-01,Staff
95286,Guerreiro,1965-01-18,1989-08-23,9999-01-01,Engineer
95314,Koblick,1965-01-22,1991-08-21,9999-01-01,Senior Staff
95406,Lyonns,1965-01-08,1997-07-12,9999-01-01,Engineer
95416,Ramaiah,1965-01-13,1993-11-29,9999-01-01,Engineer
95509,Loncour,1965-01-11,1995-02-08,9999-01-01,Engineer
95920,Hegner,1965-01-19,1994-09-07,9999-01-01,Staff
96571,Garrabrants,1965-01-13,1997-11-05,9999-01-01,Senior Engineer
96579,Tasistro,1965-01-18,1996-02-10,9999-01-01,Engineer
96767,Vecchio,1965-01-07,1985-08-14,9999-01-01,Engineer
97018,Chinen,1965-01-09,1989-01-01,9999-01-01,Engineer
97623,Janetzko,1965-01-25,1990-09-11,9999-01-01,Senior Staff
97661,Hegner,1965-01-31,1993-05-08,9999-01-01,Senior Staff
98288,Huttel,1965-01-12,1989-09-12,9999-01-01,Senior Staff
98306,Kadhim,1965-01-16,1999-06-24,9999-01-01,Senior Engineer
98639,Assaf,1965-01-29,1996-05-18,9999-01-01,Staff
99057,Reeken,1965-01-30,1999-06-21,9999-01-01,Staff
99373,Christianini,1965-01-13,1985-12-25,9999-01-01,Staff
99377,Francisci,1965-01-18,1991-06-16,9999-01-01,Senior Engineer
99590,Anily,1965-01-24,1998-12-16,9999-01-01,Staff
99654,Motley,1965-01-30,1985-09-28,9999-01-01,Senior Staff
100865,Peral,1965-01-19,1990-10-03,9999-01-01,Engineer
100916,Aamodt,1965-01-18,1992-04-22,9999-01-01,Engineer
101487,Sury,1965-01-14,1991-01-31,9999-01-01,Senior Staff
101647,Homond,1965-01-22,1994-05-10,9999-01-01,Senior Staff
101902,Millington,1965-01-14,1991-03-18,9999-01-01,Senior Staff
102620,Templeman,1965-01-03,1999-08-12,9999-01-01,Engineer
103196,Albarhamtoshy,1965-01-16,1988-07-16,9999-01-01,Staff
103310,Swen,1965-01-07,1995-10-02,9999-01-01,Senior Staff
103316,Peternell,1965-01-03,1994-07-27,9999-01-01,Senior Engineer
103342,Hellwagner,1965-01-03,1998-02-03,9999-01-01,Engineer
103756,Halloran,1965-01-31,1992-04-08,9999-01-01,Assistant Engineer
104133,Zyda,1965-01-31,1991-07-03,9999-01-01,Senior Staff
104845,Lodder,1965-01-29,1992-06-17,9999-01-01,Staff
104988,Litzler,1965-01-07,1992-08-08,9999-01-01,Senior Engineer
105342,Reeker,1965-01-01,1999-07-29,9999-01-01,Technique Leader
105356,Matzov,1965-01-29,1995-03-08,9999-01-01,Engineer
105432,Stafford,1965-01-08,1995-09-12,9999-01-01,Engineer
105520,Lienhardt,1965-01-01,1987-01-29,9999-01-01,Senior Staff
105731,Cromarty,1965-01-15,1990-08-20,9999-01-01,Assistant Engineer
106096,Schurmann,1965-01-14,1992-12-02,9999-01-01,Senior Engineer
106242,Thisen,1965-02-01,1988-03-25,9999-01-01,Staff
106695,Garrabrants,1965-01-31,1988-10-26,9999-01-01,Staff
106710,Anandan,1965-01-31,1986-11-22,9999-01-01,Senior Staff
107486,Luiz,1965-01-23,1987-02-11,9999-01-01,Senior Engineer
107737,Chleq,1965-01-23,1999-07-31,9999-01-01,Senior Engineer
107792,Crooks,1965-01-13,1992-03-18,9999-01-01,Staff
107828,Walston,1965-01-26,1989-02-03,9999-01-01,Staff
108091,Ghemri,1965-01-09,1985-11-14,9999-01-01,Senior Staff
108198,Samarati,1965-01-24,1992-10-20,9999-01-01,Staff
108316,Stellhorn,1965-01-02,1992-05-21,9999-01-01,Senior Engineer
108988,Baek,1965-01-19,1989-07-20,9999-01-01,Senior Staff
109062,Kandlur,1965-02-01,1992-06-19,9999-01-01,Senior Engineer
109211,Delgrande,1965-01-11,2002-06-18,9999-01-01,Engineer
109252,Winter,1965-01-15,1991-04-28,9999-01-01,Technique Leader
109278,Schach,1965-01-21,1988-03-22,9999-01-01,Senior Staff
109552,Etalle,1965-01-31,1997-05-21,9999-01-01,Assistant Engineer
109598,Auyong,1965-02-01,1988-07-05,9999-01-01,Senior Staff
109620,Cannata,1965-01-02,1989-06-21,9999-01-01,Senior Staff
109703,Walston,1965-01-17,1999-08-16,9999-01-01,Engineer
109741,Fadgyas,1965-01-11,1991-11-13,9999-01-01,Senior Engineer
109953,Chorvat,1965-01-26,1988-04-10,9999-01-01,Senior Staff
200267,Luff,1965-01-08,1994-09-21,9999-01-01,Senior Staff
200312,Fujisaki,1965-01-27,2001-11-13,9999-01-01,Senior Engineer
200363,Quaggetto,1965-01-10,1987-06-30,9999-01-01,Senior Engineer
200735,Denos,1965-01-09,1992-09-21,9999-01-01,Staff
200789,Camurati,1965-01-14,1991-12-15,9999-01-01,Senior Staff
201229,Khasidashvili,1965-01-03,1994-07-30,9999-01-01,Staff
201708,Perl,1965-01-15,1992-09-08,9999-01-01,Senior Staff
201709,Kakkad,1965-01-01,1988-02-25,9999-01-01,Senior Staff
201739,Terekhov,1965-01-16,1998-07-21,9999-01-01,Assistant Engineer
201801,Genin,1965-01-12,1988-10-30,9999-01-01,Engineer
201915,DeMori,1965-01-02,1992-03-30,9999-01-01,Senior Engineer
202291,Schmiedel,1965-01-16,1997-07-18,9999-01-01,Engineer
202403,Perko,1965-01-09,1999-07-07,9999-01-01,Engineer
202414,Murthy,1965-01-13,1992-01-07,9999-01-01,Senior Staff
202552,Saoudi,1965-01-05,1991-11-22,9999-01-01,Engineer
202826,Matzke,1965-01-19,1986-11-14,9999-01-01,Senior Engineer
202882,Koshino,1965-01-25,1995-09-28,9999-01-01,Senior Engineer
202950,Pietrzykowski,1965-01-17,1987-03-26,9999-01-01,Senior Staff
203474,Jonsson,1965-01-03,1991-07-06,9999-01-01,Staff
203495,Gips,1965-01-02,1997-05-31,9999-01-01,Technique Leader
203599,DiGiano,1965-01-21,2000-02-01,9999-01-01,Technique Leader
203720,Thimonier,1965-01-30,1996-08-21,9999-01-01,Senior Staff
203946,Marwedel,1965-01-23,1993-03-30,9999-01-01,Staff
204117,Nooteboom,1965-01-10,2000-12-13,9999-01-01,Staff
204133,Bergere,1965-01-22,1996-02-25,9999-01-01,Senior Staff
204246,Worfolk,1965-01-09,1985-04-01,9999-01-01,Senior Staff
204425,Huttel,1965-01-03,1990-10-08,9999-01-01,Senior Engineer
204470,Lichtner,1965-01-22,1998-05-02,9999-01-01,Senior Staff
204471,Maginnis,1965-01-27,1986-02-17,9999-01-01,Engineer
204764,Mandelberg,1965-01-22,1990-11-02,9999-01-01,Senior Engineer
205018,Awdeh,1965-01-26,1998-08-05,9999-01-01,Engineer
205085,Kornyak,1965-01-23,1991-09-26,9999-01-01,Technique Leader
205174,Spinelli,1965-01-05,1998-12-10,9999-01-01,Staff
205500,Setiz,1965-01-04,1989-01-13,9999-01-01,Senior Engineer
205627,Broder,1965-01-21,1996-07-16,9999-01-01,Engineer
205660,Barreiro,1965-01-27,2000-10-24,9999-01-01,Staff
205699,Yetto,1965-01-31,1994-12-07,9999-01-01,Staff
205789,Skafidas,1965-01-31,1999-08-10,9999-01-01,Senior Staff
205863,Kusalik,1965-01-06,1990-10-04,9999-01-01,Senior Engineer
206748,Fabrizio,1965-01-07,1999-10-06,9999-01-01,Staff
206836,Pfau,1965-01-12,1993-03-22,9999-01-01,Senior Staff
206966,Sichman,1965-01-21,1987-11-17,9999-01-01,Engineer
207021,Akaboshi,1965-01-20,1997-12-06,9999-01-01,Engineer
207068,Ariola,1965-01-13,1994-09-07,9999-01-01,Senior Staff
207204,Schrooten,1965-01-25,1991-01-17,9999-01-01,Assistant Engineer
207401,Barbanera,1965-01-04,1987-08-10,9999-01-01,Staff
207551,Falck,1965-01-15,1995-02-18,9999-01-01,Assistant Engineer
207779,Kamble,1965-01-16,1992-05-31,9999-01-01,Senior Staff
207980,Vieth,1965-01-07,1990-11-22,9999-01-01,Senior Staff
208147,Rothenberg,1965-01-09,1988-12-06,9999-01-01,Engineer
208330,Flanders,1965-01-11,1989-07-03,9999-01-01,Staff
208639,Lukaszewicz,1965-01-27,1996-10-30,9999-01-01,Staff
208653,Schade,1965-01-23,1989-03-03,9999-01-01,Senior Engineer
208784,Juneja,1965-01-30,1985-03-21,9999-01-01,Senior Engineer
209101,Edelhoff,1965-01-05,1997-10-26,9999-01-01,Senior Engineer
209443,Garnier,1965-01-19,1998-01-26,9999-01-01,Senior Staff
209565,Covnot,1965-01-09,1989-05-28,9999-01-01,Staff
209712,Baak,1965-01-17,1987-10-30,9999-01-01,Assistant Engineer
210017,Lovengreen,1965-01-28,1990-09-29,9999-01-01,Senior Staff
210292,Zeilberger,1965-01-18,1996-04-28,9999-01-01,Staff
210449,Lagarias,1965-01-19,1997-06-22,9999-01-01,Engineer
210752,Stenning,1965-01-25,1986-12-10,9999-01-01,Senior Staff
210786,Ranze,1965-01-31,1998-06-05,9999-01-01,Staff
211858,Ratnaker,1965-01-08,1985-03-24,9999-01-01,Senior Engineer
211879,Ranze,1965-01-12,1994-11-24,9999-01-01,Engineer
211967,Bain,1965-01-07,1989-01-22,9999-01-01,Senior Engineer
212093,Henders,1965-01-11,1993-11-19,9999-01-01,Senior Staff
212154,Holburn,1965-01-17,1991-03-04,9999-01-01,Staff
212361,Stanfel,1965-01-16,1996-01-07,9999-01-01,Senior Engineer
213016,Fontan,1965-01-22,1993-07-26,9999-01-01,Engineer
213140,Danecki,1965-01-10,1997-03-31,9999-01-01,Staff
213384,Narwekar,1965-01-04,1985-09-26,9999-01-01,Senior Engineer
213447,Perly,1965-02-01,1989-09-14,9999-01-01,Engineer
214215,Cardazo,1965-01-25,1993-05-28,9999-01-01,Senior Staff
214391,Klassen,1965-01-15,1993-09-11,9999-01-01,Senior Staff
214427,Molberg,1965-01-29,1996-11-17,9999-01-01,Engineer
214539,Kohling,1965-01-27,1995-04-25,9999-01-01,Engineer
214634,Vickson,1965-01-12,1989-10-24,9999-01-01,Engineer
214789,Chepyzhov,1965-01-28,1989-02-06,9999-01-01,Engineer
214866,Angel,1965-02-01,1997-07-05,9999-01-01,Senior Engineer
214995,Hoppenstand,1965-01-12,1994-05-04,9999-01-01,Engineer
215419,Kroha,1965-01-16,1995-01-23,9999-01-01,Staff
215629,Manders,1965-01-15,1987-05-18,9999-01-01,Staff
215746,Speer,1965-01-08,1999-07-08,9999-01-01,Staff
215843,Loncour,1965-01-30,1987-03-31,9999-01-01,Senior Staff
216054,Angiulli,1965-01-24,1986-07-31,9999-01-01,Staff
216342,Cromarty,1965-01-22,1995-06-10,9999-01-01,Senior Engineer
216375,Gustavson,1965-01-16,1985-03-12,9999-01-01,Senior Engineer
216502,Suermann,1965-01-26,1997-12-15,9999-01-01,Engineer
216573,Vidya,1965-01-29,1989-06-16,9999-01-01,Engineer
216921,Lenart,1965-01-22,1990-12-25,9999-01-01,Staff
217026,Engberts,1965-01-11,1993-08-16,9999-01-01,Senior Staff
217080,Puoti,1965-01-12,2000-01-21,9999-01-01,Senior Engineer
217272,Eldridge,1965-01-21,1986-08-01,9999-01-01,Staff
217286,Spelt,1965-01-05,1992-09-22,9999-01-01,Technique Leader
217320,Denis,1965-01-10,1993-09-10,9999-01-01,Engineer
217363,Marzano,1965-01-14,1996-04-11,9999-01-01,Staff
217387,Molenaar,1965-01-21,1987-10-22,9999-01-01,Senior Engineer
217551,Lukaszewicz,1965-01-02,1989-06-06,9999-01-01,Engineer
217800,Servieres,1965-02-01,1998-08-06,9999-01-01,Senior Staff
218022,Poupard,1965-01-26,1992-02-02,9999-01-01,Technique Leader
218100,Garnham,1965-01-24,1990-01-02,9999-01-01,Senior Staff
218831,DuBourdieux,1965-01-16,1996-03-13,9999-01-01,Engineer
219035,Bierman,1965-01-18,1988-05-13,9999-01-01,Technique Leader
219047,Kusalik,1965-01-30,1987-05-27,9999-01-01,Senior Engineer
219052,Acton,1965-01-06,1995-08-02,9999-01-01,Staff
219417,Denna,1965-01-29,1996-07-25,9999-01-01,Staff
219497,Zastre,1965-01-22,1991-10-11,9999-01-01,Technique Leader
219967,Reeken,1965-01-16,1998-03-16,9999-01-01,Senior Staff
220029,Asser,1965-01-17,1985-11-04,9999-01-01,Senior Engineer
220131,Slaats,1965-01-09,1994-06-08,9999-01-01,Senior Engineer
220418,Laventhal,1965-01-23,1997-08-16,9999-01-01,Staff
220528,Rabehasaina,1965-01-06,1998-02-23,9999-01-01,Senior Staff
220582,Zielinski,1965-01-08,1996-02-13,9999-01-01,Senior Staff
220611,Babb,1965-01-23,1995-01-31,9999-01-01,Staff
220625,Deville,1965-01-25,1992-12-24,9999-01-01,Technique Leader
220699,Gyimothy,1965-01-07,1995-08-18,9999-01-01,Staff
220799,Orlowska,1965-01-17,1998-10-13,9999-01-01,Senior Engineer
221126,dAstous,1965-01-23,1988-11-29,9999-01-01,Engineer
221367,Farris,1965-01-13,1990-11-06,9999-01-01,Senior Staff
221369,Pocchiola,1965-01-28,1996-08-28,9999-01-01,Engineer
221435,Marrevee,1965-01-06,1994-02-06,9999-01-01,Engineer
221973,Kalefeld,1965-01-17,1990-06-06,9999-01-01,Senior Staff
222206,Uludag,1965-01-21,1988-01-30,9999-01-01,Senior Staff
222311,Billingsley,1965-01-20,1992-12-05,9999-01-01,Senior Engineer
222319,Chvatal,1965-01-20,1994-11-09,9999-01-01,Senior Engineer
222354,Schlumberger,1965-01-15,1993-08-07,9999-01-01,Assistant Engineer
222616,Schapire,1965-02-01,1998-01-19,9999-01-01,Assistant Engineer
222770,Kushner,1965-01-22,1995-08-01,9999-01-01,Senior Engineer
222878,Zallocco,1965-01-10,1996-12-01,9999-01-01,Senior Engineer
222926,Erol,1965-01-10,1997-12-31,9999-01-01,Senior Engineer
222952,Suermann,1965-01-28,1991-04-30,9999-01-01,Engineer
222998,Awdeh,1965-01-07,1992-10-02,9999-01-01,Senior Staff
223593,Moehrke,1965-01-20,1998-03-04,9999-01-01,Staff
223595,Dredge,1965-02-01,1999-09-05,9999-01-01,Technique Leader
224135,Bressoud,1965-01-02,1998-06-23,9999-01-01,Engineer
224335,Chachaty,1965-01-29,1985-07-22,9999-01-01,Engineer
224390,Shobatake,1965-01-24,1996-05-17,9999-01-01,Senior Staff
224934,Miake,1965-01-05,1988-01-02,9999-01-01,Staff
225438,Quaggetto,1965-01-14,1992-04-28,9999-01-01,Staff
225601,Genin,1965-01-13,1994-06-25,9999-01-01,Assistant Engineer
225788,Kieras,1965-01-08,1995-12-18,9999-01-01,Engineer
225867,Remmele,1965-01-26,1999-09-03,9999-01-01,Senior Engineer
225964,Cooman,1965-01-19,1989-06-07,9999-01-01,Senior Engineer
226216,Gini,1965-01-28,1993-08-14,9999-01-01,Technique Leader
226227,Erva,1965-01-07,1986-09-06,9999-01-01,Engineer
227354,Murtha,1965-01-12,1986-11-11,9999-01-01,Senior Engineer
227476,Schnabel,1965-01-11,1988-05-11,9999-01-01,Engineer
227681,Rousseau,1965-01-30,1998-11-30,9999-01-01,Staff
227899,Luce,1965-01-23,1998-09-15,9999-01-01,Staff
227901,Azuma,1965-01-26,1996-06-08,9999-01-01,Senior Staff
228098,Kroll,1965-01-18,1998-02-17,9999-01-01,Engineer
228248,Plump,1965-01-09,1988-09-08,9999-01-01,Staff
228554,Brendel,1965-01-03,1990-12-23,9999-01-01,Senior Staff
228766,Smailagic,1965-01-11,1993-02-12,9999-01-01,Engineer
229098,Yurek,1965-01-08,1995-08-16,9999-01-01,Senior Staff
229220,Lichtman,1965-01-21,1987-02-09,9999-01-01,Senior Engineer
229248,Terekhov,1965-01-27,1995-10-19,9999-01-01,Staff
229386,Tasistro,1965-01-03,1994-11-04,9999-01-01,Technique Leader
229391,Henseler,1965-01-15,1991-06-11,9999-01-01,Senior Engineer
229404,Kilgour,1965-01-11,1996-04-05,9999-01-01,Staff
229547,Schach,1965-01-03,1986-07-04,9999-01-01,Senior Staff
229727,Millington,1965-01-23,1999-09-28,9999-01-01,Engineer
229981,Fordan,1965-01-19,1992-02-06,9999-01-01,Engineer
230002,Backhouse,1965-01-07,1991-10-02,9999-01-01,Senior Engineer
230126,Radivojevic,1965-01-31,1988-07-02,9999-01-01,Staff
230287,Alameldin,1965-01-14,1997-09-28,9999-01-01,Assistant Engineer
230354,Lorho,1965-01-31,1991-08-09,9999-01-01,Senior Staff
230498,Puppo,1965-01-15,1990-04-25,9999-01-01,Engineer
230579,Negoita,1965-01-17,1994-03-19,9999-01-01,Senior Staff
230689,Crabtree,1965-01-14,1986-05-24,9999-01-01,Senior Staff
230865,Brattka,1965-01-02,1999-06-03,9999-01-01,Staff
231069,Siksek,1965-01-22,1995-11-09,9999-01-01,Staff
231459,Pramanik,1965-01-28,1999-11-18,9999-01-01,Assistant Engineer
231671,Pearson,1965-01-07,1995-04-14,9999-01-01,Staff
231798,Alvarado,1965-01-28,1988-12-25,9999-01-01,Engineer
232178,Anandan,1965-01-29,1989-12-13,9999-01-01,Senior Staff
232209,Rouquie,1965-01-11,1988-08-01,9999-01-01,Senior Engineer
232697,Ramsak,1965-01-23,1990-09-07,9999-01-01,Engineer
232723,Bugrara,1965-01-14,1993-02-13,9999-01-01,Assistant Engineer
233114,Gargeya,1965-01-20,1987-12-25,9999-01-01,Senior Engineer
233394,Lenart,1965-01-06,1995-12-24,9999-01-01,Engineer
233397,Sundgren,1965-01-16,1990-07-07,9999-01-01,Senior Staff
233426,Usery,1965-01-12,1995-03-02,9999-01-01,Engineer
233690,Riefers,1965-01-17,1994-09-08,9999-01-01,Engineer
233759,Lodder,1965-01-14,2000-05-27,9999-01-01,Engineer
233765,Chachaty,1965-01-20,1991-03-25,9999-01-01,Senior Engineer
233785,Ballarin,1965-01-30,1987-07-28,9999-01-01,Staff
233818,Heydon,1965-01-01,1985-11-11,9999-01-01,Senior Engineer
234195,Terkki,1965-01-07,1991-05-14,9999-01-01,Senior Staff
234739,Aamodt,1965-01-31,1986-06-28,9999-01-01,Senior Engineer
235017,Dratva,1965-01-17,1991-09-07,9999-01-01,Staff
235096,Gyimothy,1965-01-21,1995-07-30,9999-01-01,Staff
235325,Prochazka,1965-01-06,1992-10-16,9999-01-01,Senior Engineer
235368,Joslin,1965-01-09,1987-04-12,9999-01-01,Senior Engineer
235458,Heuser,1965-01-05,1992-06-28,9999-01-01,Senior Staff
235729,Anger,1965-02-01,1993-01-19,9999-01-01,Staff
235780,Bergere,1965-01-17,1994-04-08,9999-01-01,Senior Engineer
235793,Spinelli,1965-01-03,1999-01-16,9999-01-01,Senior Engineer
236315,Raczkowsky,1965-01-31,1996-07-24,9999-01-01,Technique Leader
236566,Maginnis,1965-01-17,1992-12-11,9999-01-01,Senior Staff
236591,Reinhard,1965-01-11,1985-04-08,9999-01-01,Senior Staff
236827,Rijckaert,1965-01-28,1994-02-16,9999-01-01,Engineer
236883,Olivero,1965-01-27,1999-11-19,9999-01-01,Staff
236964,Foote,1965-01-17,2000-03-20,9999-01-01,Staff
238112,Frezza,1965-01-12,1991-05-25,9999-01-01,Technique Leader
238252,Suppi,1965-01-09,1996-12-27,9999-01-01,Staff
238422,Angelov,1965-01-10,1988-03-08,9999-01-01,Senior Staff
238949,Cronin,1965-01-09,1987-10-04,9999-01-01,Senior Staff
239067,Pocchiola,1965-01-11,1996-04-02,9999-01-01,Staff
239244,Kitai,1965-01-13,1987-02-20,9999-01-01,Staff
239415,Brender,1965-01-01,1993-04-17,9999-01-01,Engineer
239426,Fairtlough,1965-01-08,2002-05-07,9999-01-01,Engineer
239664,Michaels,1965-01-04,1992-08-02,9999-01-01,Engineer
239706,Bugrara,1965-01-15,1997-04-03,9999-01-01,Assistant Engineer
239748,Dusink,1965-01-23,1988-06-04,9999-01-01,Staff
239803,Ernst,1965-01-30,1992-05-19,9999-01-01,Staff
240132,Kobara,1965-02-01,1996-08-09,9999-01-01,Staff
240236,Tischendorf,1965-01-24,1986-01-19,9999-01-01,Senior Engineer
240285,Greenaway,1965-01-23,1998-11-14,9999-01-01,Staff
240340,Staylopatis,1965-01-14,1985-04-02,9999-01-01,Engineer
240438,Cyre,1965-01-02,1992-09-30,9999-01-01,Senior Staff
240870,Chorvat,1965-01-06,1992-03-17,9999-01-01,Staff
241100,Molenaar,1965-01-23,1990-10-06,9999-01-01,Engineer
241254,Anguita,1965-01-15,1993-05-11,9999-01-01,Senior Engineer
241292,Lampe,1965-01-29,2001-12-11,9999-01-01,Senior Staff
241567,Miara,1965-01-18,1989-05-02,9999-01-01,Senior Engineer
241667,Olivero,1965-01-28,1985-09-04,9999-01-01,Engineer
241728,Boudaillier,1965-01-30,1999-08-08,9999-01-01,Senior Engineer
241872,Fetvedt,1965-01-11,2001-11-14,9999-01-01,Staff
242019,Murrill,1965-01-09,2001-10-28,9999-01-01,Senior Engineer
242081,Pargas,1965-01-12,1996-11-15,9999-01-01,Engineer
242104,Sudkamp,1965-01-05,1989-09-05,9999-01-01,Senior Staff
242500,Iisaku,1965-01-08,1989-06-26,9999-01-01,Senior Staff
242800,Levergood,1965-01-11,1996-02-10,9999-01-01,Engineer
243018,Deverell,1965-01-02,1998-12-27,9999-01-01,Senior Staff
243077,Perz,1965-02-01,1999-02-25,9999-01-01,Senior Engineer
243576,Lodder,1965-01-04,1996-11-10,9999-01-01,Senior Staff
243637,Delgrange,1965-01-16,1990-06-24,9999-01-01,Senior Staff
243898,Basawa,1965-01-09,1998-05-10,9999-01-01,Staff
244308,Rebaine,1965-01-10,1991-07-23,9999-01-01,Senior Staff
244605,Suwa,1965-01-22,1998-10-10,9999-01-01,Senior Staff
244624,Seuren,1965-01-31,1987-03-27,9999-01-01,Senior Staff
244711,Butner,1965-01-25,1991-03-20,9999-01-01,Engineer
244714,Clouatre,1965-01-27,1996-05-06,9999-01-01,Senior Engineer
244820,Hertweck,1965-01-15,1987-04-13,9999-01-01,Senior Engineer
244873,Oppitz,1965-01-04,1986-05-20,9999-01-01,Senior Staff
245164,Winter,1965-01-23,1996-10-24,9999-01-01,Senior Engineer
245396,Bottner,1965-01-31,1995-03-04,9999-01-01,Senior Staff
245664,Kilgore,1965-01-18,1998-11-17,9999-01-01,Staff
246146,Melski,1965-01-30,1987-09-04,9999-01-01,Engineer
246244,Casperson,1965-01-09,2000-01-20,9999-01-01,Staff
246364,Tiemann,1965-01-06,1998-10-29,9999-01-01,Engineer
246764,Czaja,1965-01-04,1997-11-29,9999-01-01,Staff
246798,Strooper,1965-01-09,2001-12-07,9999-01-01,Senior Staff
246902,Shanbhogue,1965-01-27,1998-04-19,9999-01-01,Staff
247089,Schahn,1965-01-17,1992-12-10,9999-01-01,Staff
247122,Narlikar,1965-01-23,1992-02-14,9999-01-01,Senior Staff
247447,Bakhtari,1965-01-28,1994-03-18,9999-01-01,Engineer
247456,Bahk,1965-01-16,1997-07-31,9999-01-01,Engineer
247612,Constantine,1965-01-04,1997-05-25,9999-01-01,Engineer
247875,Anick,1965-01-02,1991-04-23,9999-01-01,Senior Staff
247888,Lagarias,1965-01-15,1985-09-06,9999-01-01,Engineer
248256,Falby,1965-01-05,1996-08-29,9999-01-01,Staff
248351,Milicia,1965-02-01,1985-06-02,9999-01-01,Senior Staff
248758,Muhlberg,1965-02-01,1994-12-25,9999-01-01,Senior Staff
248953,Sudbeck,1965-01-29,1996-08-29,9999-01-01,Assistant Engineer
249239,Decleir,1965-01-21,1994-05-04,9999-01-01,Senior Engineer
249325,Pokrovskii,1965-01-26,1997-06-09,9999-01-01,Staff
249433,Matzov,1965-01-16,1988-06-03,9999-01-01,Senior Engineer
249504,Velardi,1965-01-07,1995-10-20,9999-01-01,Engineer
249780,Gaughan,1965-01-12,1993-07-09,9999-01-01,Senior Engineer
249799,Neimat,1965-01-04,1993-12-27,9999-01-01,Engineer
249866,Gubsky,1965-01-15,1989-01-14,9999-01-01,Senior Staff
249969,Luiz,1965-01-21,1991-06-10,9999-01-01,Engineer
250411,Sommen,1965-01-27,1989-01-20,9999-01-01,Senior Staff
250452,Plavsic,1965-01-14,2000-01-17,9999-01-01,Senior Engineer
250748,Turnbull,1965-01-27,1987-02-10,9999-01-01,Engineer
251166,Hooghiemstra,1965-01-22,1985-10-05,9999-01-01,Senior Staff
251233,Bernini,1965-01-07,1993-02-19,9999-01-01,Senior Engineer
251301,Impagliazzo,1965-01-30,1989-05-06,9999-01-01,Senior Staff
251341,Kumaresan,1965-01-11,1992-12-05,9999-01-01,Staff
251403,DuBourdieux,1965-01-01,1997-11-19,9999-01-01,Technique Leader
251437,Iwayama,1965-01-20,1989-10-17,9999-01-01,Assistant Engineer
251645,Tsunoo,1965-01-06,1992-06-17,9999-01-01,Senior Staff
251680,Sommen,1965-01-05,1990-08-14,9999-01-01,Senior Engineer
251814,Zockler,1965-01-01,1998-09-14,9999-01-01,Technique Leader
252185,Conta,1965-01-01,1997-04-14,9999-01-01,Assistant Engineer
252316,Niizuma,1965-01-07,1994-10-08,9999-01-01,Engineer
252392,Peron,1965-01-01,1993-12-26,9999-01-01,Engineer
253029,Thimonier,1965-01-13,1995-04-05,9999-01-01,Engineer
253707,Hainaut,1965-01-05,1998-02-11,9999-01-01,Staff
253838,Terlouw,1965-01-28,1999-02-21,9999-01-01,Assistant Engineer
253893,Trystram,1965-01-04,1993-05-10,9999-01-01,Senior Engineer
254044,Brendel,1965-01-16,1992-04-10,9999-01-01,Engineer
254399,Lores,1965-01-24,1999-09-16,9999-01-01,Technique Leader
254821,Couchot,1965-01-24,1994-12-12,9999-01-01,Staff
255466,Roccetti,1965-01-18,1985-07-03,9999-01-01,Senior Engineer
255657,Cyre,1965-01-20,1985-02-10,9999-01-01,Senior Engineer
255779,Merle,1965-01-31,1997-09-04,9999-01-01,Technique Leader
256216,Brodal,1965-01-01,1997-11-22,9999-01-01,Engineer
256856,Barbanera,1965-01-03,1987-06-17,9999-01-01,Staff
256881,Jakobus,1965-01-03,1990-08-10,9999-01-01,Engineer
256888,Pehl,1965-01-03,1993-09-15,9999-01-01,Staff
257062,Pardalos,1965-01-24,1989-06-21,9999-01-01,Senior Engineer
257378,Bernatsky,1965-01-06,1988-09-03,9999-01-01,Staff
257469,Hanratty,1965-01-22,1988-01-06,9999-01-01,Staff
257484,Nicolson,1965-01-01,1986-12-07,9999-01-01,Senior Staff
258028,Reinhart,1965-01-07,2001-07-03,9999-01-01,Engineer
258124,Zolotykh,1965-01-17,1990-07-28,9999-01-01,Senior Staff
258470,Butner,1965-01-04,1995-02-14,9999-01-01,Staff
258643,Esposito,1965-01-11,1992-02-27,9999-01-01,Engineer
259042,Farrow,1965-01-12,1997-01-01,9999-01-01,Staff
259237,Gammage,1965-01-27,1987-10-23,9999-01-01,Staff
259273,Gomatam,1965-01-22,1989-12-01,9999-01-01,Senior Engineer
259611,Marrakchi,1965-01-27,1990-08-21,9999-01-01,Senior Staff
259619,Magliocco,1965-01-21,1992-05-09,9999-01-01,Senior Staff
259718,Bouloucos,1965-01-24,1993-12-13,9999-01-01,Senior Staff
260153,Baar,1965-01-28,1991-10-14,9999-01-01,Technique Leader
260249,Beausoleil,1965-01-22,1998-05-14,9999-01-01,Staff
260361,Rahier,1965-01-25,1997-10-09,9999-01-01,Engineer
260399,Birsak,1965-01-30,1989-04-10,9999-01-01,Senior Staff
260408,Brookner,1965-01-19,1996-09-03,9999-01-01,Staff
260501,Pargas,1965-01-14,1990-05-17,9999-01-01,Technique Leader
261184,Kornatzky,1965-01-30,1987-08-29,9999-01-01,Senior Engineer
261631,Huttel,1965-01-08,1998-02-23,9999-01-01,Engineer
261662,Assaf,1965-01-11,1989-09-08,9999-01-01,Senior Staff
261737,Lindqvist,1965-01-23,1990-11-22,9999-01-01,Senior Engineer
261986,Ramsak,1965-01-21,1997-05-13,9999-01-01,Senior Engineer
261990,Czaja,1965-01-16,1992-04-01,9999-01-01,Senior Staff
262208,Holburn,1965-01-16,1987-05-23,9999-01-01,Senior Staff
262210,Bottner,1965-01-22,1985-07-29,9999-01-01,Senior Engineer
262328,Vural,1965-01-03,1997-12-24,9999-01-01,Staff
262439,Lagarias,1965-01-30,1985-10-10,9999-01-01,Senior Staff
262636,Reutenauer,1965-01-04,1992-04-10,9999-01-01,Senior Engineer
262752,Bierman,1965-01-04,1997-12-12,9999-01-01,Engineer
262928,Gill,1965-01-01,1995-02-20,9999-01-01,Senior Engineer
263012,Buchter,1965-01-09,1999-05-01,9999-01-01,Staff
263186,Lowrie,1965-01-22,1995-09-13,9999-01-01,Technique Leader
263370,Ranze,1965-01-03,1999-05-29,9999-01-01,Staff
263439,Kabayashi,1965-01-09,1986-12-15,9999-01-01,Senior Engineer
263645,Lally,1965-01-19,1990-12-04,9999-01-01,Senior Engineer
263649,Zongker,1965-01-17,1993-07-26,9999-01-01,Senior Staff
263926,Schwartzbauer,1965-01-03,1985-04-07,9999-01-01,Senior Staff
264030,Solares,1965-01-15,1990-12-14,9999-01-01,Assistant Engineer
264167,Tomescu,1965-01-25,1996-05-01,9999-01-01,Senior Engineer
264322,Swist,1965-01-03,1991-01-06,9999-01-01,Staff
264626,Bakhtari,1965-01-13,1993-02-03,9999-01-01,Senior Staff
264939,Bahi,1965-01-10,1999-02-13,9999-01-01,Engineer
265039,Staudhammer,1965-01-03,1992-10-18,9999-01-01,Staff
265521,Salverda,1965-01-04,1993-05-25,9999-01-01,Engineer
265558,Kleiser,1965-01-31,1987-08-02,9999-01-01,Senior Staff
265794,Halloran,1965-01-15,1994-01-14,9999-01-01,Senior Staff
265875,Marsiglia,1965-01-20,1989-09-03,9999-01-01,Engineer
266206,Anily,1965-02-01,1985-08-19,9999-01-01,Staff
266249,Nishimukai,1965-01-15,1991-03-28,9999-01-01,Senior Staff
266310,Serdy,1965-01-23,1987-06-24,9999-01-01,Senior Staff
266644,Gubsky,1965-01-08,1993-08-09,9999-01-01,Staff
266862,Plumb,1965-01-10,1986-04-21,9999-01-01,Senior Staff
266881,Sabnani,1965-01-11,1997-02-04,9999-01-01,Senior Staff
267059,Tempesti,1965-01-09,1991-06-29,9999-01-01,Senior Staff
267227,Tagansky,1965-01-10,1995-01-22,9999-01-01,Engineer
267304,Axelband,1965-01-06,1994-06-27,9999-01-01,Senior Staff
267667,Kaiserswerth,1965-01-05,1987-09-05,9999-01-01,Senior Staff
268043,Mikschl,1965-01-28,1997-11-02,9999-01-01,Engineer
268191,Teitelbaum,1965-01-07,1990-11-01,9999-01-01,Senior Engineer
269728,Kragelund,1965-01-12,1987-05-16,9999-01-01,Staff
270084,Frolund,1965-01-11,1986-07-26,9999-01-01,Staff
270716,Baer,1965-01-19,1998-02-04,9999-01-01,Staff
270794,Zhang,1965-02-01,1991-06-26,9999-01-01,Senior Staff
271106,Kampfer,1965-01-10,1997-11-30,9999-01-01,Engineer
271219,Tyugu,1965-01-16,1994-11-07,9999-01-01,Engineer
272141,Neiman,1965-01-13,1996-07-31,9999-01-01,Staff
272285,Mitchem,1965-01-19,1986-01-22,9999-01-01,Staff
272316,Muhling,1965-01-05,1999-07-19,9999-01-01,Engineer
272452,Isard,1965-01-10,2002-02-27,9999-01-01,Engineer
272599,Hegner,1965-01-16,1993-07-15,9999-01-01,Senior Staff
272860,Candan,1965-02-01,1994-02-10,9999-01-01,Assistant Engineer
273159,Hofmeyr,1965-01-26,1989-04-14,9999-01-01,Technique Leader
273286,Asmuth,1965-01-26,1989-01-23,9999-01-01,Engineer
273396,Baba,1965-01-10,1998-03-07,9999-01-01,Engineer
273806,Beetstra,1965-01-01,1997-08-18,9999-01-01,Senior Staff
273858,Matzen,1965-01-13,1990-12-28,9999-01-01,Senior Staff
274071,Weiland,1965-01-01,1995-10-12,9999-01-01,Staff
274271,Ritcey,1965-01-10,1986-09-10,9999-01-01,Staff
274369,Waymire,1965-01-29,1997-01-27,9999-01-01,Senior Staff
274813,Pettey,1965-01-10,1993-08-07,9999-01-01,Staff
275158,Brandsma,1965-01-07,1999-12-08,9999-01-01,Engineer
275263,Laventhal,1965-01-21,1991-10-18,9999-01-01,Engineer
275444,Leppanen,1965-01-16,1993-01-21,9999-01-01,Engineer
275495,Yamaashi,1965-01-13,1995-02-19,9999-01-01,Staff
275801,Heinisuo,1965-01-22,1986-06-28,9999-01-01,Senior Staff
275881,Munro,1965-01-08,1988-05-18,9999-01-01,Senior Engineer
275994,Prampolini,1965-01-29,1991-02-21,9999-01-01,Senior Engineer
276027,Stavenow,1965-01-04,1986-02-28,9999-01-01,Senior Staff
276184,Swick,1965-01-10,1991-04-08,9999-01-01,Senior Staff
276186,Vecchi,1965-01-30,1993-06-02,9999-01-01,Staff
276189,Klerer,1965-01-10,1995-03-19,9999-01-01,Senior Staff
276445,Randi,1965-01-27,1988-07-02,9999-01-01,Engineer
276472,Flanders,1965-01-27,1988-11-10,9999-01-01,Engineer
276563,Solares,1965-01-01,1995-08-01,9999-01-01,Senior Staff
276868,Sanella,1965-01-19,1998-03-13,9999-01-01,Staff
277316,Rothenberg,1965-01-03,1989-10-04,9999-01-01,Staff
277362,Kugler,1965-01-09,1991-01-12,9999-01-01,Senior Staff
277420,Schach,1965-01-16,1995-04-22,9999-01-01,Engineer
277777,Itzigehl,1965-01-27,1990-07-04,9999-01-01,Senior Engineer
277829,Fandrianto,1965-01-22,1986-06-02,9999-01-01,Senior Engineer
278239,Bottner,1965-01-19,1994-02-06,9999-01-01,Staff
278386,Poujol,1965-01-15,1995-12-03,9999-01-01,Technique Leader
278452,Toyoshima,1965-01-07,1987-08-29,9999-01-01,Staff
278536,Shobatake,1965-01-14,1992-01-10,9999-01-01,Staff
278549,Werthner,1965-01-02,1989-07-27,9999-01-01,Senior Staff
278953,Ghandeharizadeh,1965-01-26,1990-08-11,9999-01-01,Senior Engineer
279115,DuCasse,1965-01-05,1997-11-29,9999-01-01,Engineer
279280,Debuse,1965-01-09,1992-09-21,9999-01-01,Engineer
279791,Lyonns,1965-01-10,1986-12-24,9999-01-01,Assistant Engineer
280070,Ebeling,1965-01-24,1988-03-29,9999-01-01,Senior Staff
280291,Badache,1965-01-26,1998-11-24,9999-01-01,Staff
280420,Hofting,1965-01-31,1986-09-28,9999-01-01,Senior Staff
280525,Herbst,1965-01-13,1996-08-18,9999-01-01,Staff
280648,Lorys,1965-01-04,1986-12-27,9999-01-01,Engineer
281570,Covnot,1965-01-08,1994-09-13,9999-01-01,Assistant Engineer
281692,Sommen,1965-01-06,1990-03-03,9999-01-01,Senior Engineer
281848,Staylopatis,1965-01-29,1993-07-31,9999-01-01,Engineer
281859,Papastamatiou,1965-01-17,1985-11-25,9999-01-01,Engineer
282191,Shinomoto,1965-01-16,1997-10-20,9999-01-01,Engineer
282333,Serdy,1965-01-25,1993-09-09,9999-01-01,Senior Staff
282343,Haldar,1965-01-13,1988-07-20,9999-01-01,Staff
282547,Codenie,1965-01-18,1999-06-14,9999-01-01,Engineer
282585,Lammel,1965-01-03,1996-07-01,9999-01-01,Staff
282894,Bellmore,1965-01-05,1989-05-03,9999-01-01,Engineer
284300,Mahmud,1965-01-22,1991-11-29,9999-01-01,Senior Staff
284431,Fujisawa,1965-01-25,1996-04-16,9999-01-01,Senior Staff
284561,Beznosov,1965-01-03,1988-02-15,9999-01-01,Senior Engineer
284687,Redmiles,1965-01-15,1985-06-22,9999-01-01,Engineer
284691,Ressouche,1965-01-04,1988-08-17,9999-01-01,Senior Engineer
284711,Azevdeo,1965-01-21,1988-02-10,9999-01-01,Senior Engineer
284717,Ranta,1965-01-11,1992-11-07,9999-01-01,Senior Engineer
284856,Kobara,1965-01-05,1991-12-12,9999-01-01,Engineer
284954,Hammerschmidt,1965-01-16,1996-01-30,9999-01-01,Engineer
285164,Kumaresan,1965-01-02,1994-10-03,9999-01-01,Staff
285396,Kohling,1965-01-27,1986-10-04,9999-01-01,Engineer
285905,Bage,1965-01-09,1994-11-04,9999-01-01,Senior Staff
285906,Buescher,1965-01-02,1998-03-26,9999-01-01,Engineer
286026,Zaumen,1965-01-21,1991-02-25,9999-01-01,Senior Staff
286029,Nanard,1965-01-28,1996-07-16,9999-01-01,Staff
286370,Seuren,1965-01-06,1995-01-19,9999-01-01,Senior Staff
286452,Bierbaum,1965-01-26,1999-01-31,9999-01-01,Engineer
286573,Nishimukai,1965-01-27,1994-07-29,9999-01-01,Senior Engineer
286779,Versino,1965-01-24,1998-08-31,9999-01-01,Engineer
286986,Trelles,1965-01-01,1996-05-23,9999-01-01,Senior Engineer
287323,Dengi,1965-02-01,1999-09-15,9999-01-01,Staff
287327,Felder,1965-01-13,1993-07-15,9999-01-01,Senior Staff
287334,Speer,1965-01-05,1998-08-08,9999-01-01,Engineer
287482,Gihr,1965-01-01,1994-03-18,9999-01-01,Engineer
287583,Hockney,1965-01-18,1990-06-21,9999-01-01,Engineer
287609,Negoita,1965-01-06,1988-01-20,9999-01-01,Engineer
287713,Ranka,1965-01-23,1992-12-07,9999-01-01,Senior Staff
287808,Ozeki,1965-01-09,1996-06-17,9999-01-01,Technique Leader
287983,Munos,1965-01-23,1990-09-07,9999-01-01,Senior Staff
287984,Kobuchi,1965-01-09,1991-02-12,9999-01-01,Engineer
288028,Narwekar,1965-01-22,1985-12-16,9999-01-01,Engineer
288142,Heystek,1965-01-25,1989-04-01,9999-01-01,Senior Staff
288166,Asmuth,1965-01-11,1994-09-05,9999-01-01,Staff
288560,Birjandi,1965-01-16,1994-02-07,9999-01-01,Staff
288563,Gerlach,1965-01-02,1996-01-09,9999-01-01,Engineer
288606,Swiss,1965-01-21,1991-11-15,9999-01-01,Staff
288665,Khasidashvili,1965-01-31,1998-11-19,9999-01-01,Senior Engineer
288893,Rosenbaum,1965-01-30,1991-01-27,9999-01-01,Engineer
289454,Narwekar,1965-01-20,1985-03-08,9999-01-01,Senior Engineer
289687,Maccarone,1965-01-31,1985-10-30,9999-01-01,Staff
289807,Lemarechal,1965-01-04,1994-09-04,9999-01-01,Senior Staff
289909,Vecchio,1965-01-09,1993-04-24,9999-01-01,Senior Staff
290009,Rindone,1965-01-22,1989-07-09,9999-01-01,Senior Staff
290075,Byoun,1965-01-15,1990-10-01,9999-01-01,Staff
290284,Menhardt,1965-01-08,1996-01-11,9999-01-01,Engineer
290441,Collavizza,1965-01-25,1987-09-09,9999-01-01,Senior Staff
290467,Poulakidas,1965-01-29,1987-04-15,9999-01-01,Staff
290478,Sherertz,1965-01-03,1989-08-07,9999-01-01,Assistant Engineer
290563,Oxenboll,1965-01-09,1986-02-26,9999-01-01,Senior Engineer
290769,Blokdijk,1965-01-26,1999-02-01,9999-01-01,Senior Engineer
291352,Trelles,1965-01-07,1997-08-26,9999-01-01,Technique Leader
291612,Gomatam,1965-01-30,1998-07-08,9999-01-01,Engineer
291669,Bach,1965-01-04,1999-09-13,9999-01-01,Engineer
292110,Showalter,1965-01-23,1996-08-09,9999-01-01,Engineer
292146,Pulkowski,1965-01-09,2002-01-09,9999-01-01,Engineer
292210,Huhdanpaa,1965-01-17,1996-11-23,9999-01-01,Engineer
292404,Zultner,1965-01-28,1990-02-22,9999-01-01,Senior Staff
292504,Bednarek,1965-01-27,1994-03-02,9999-01-01,Engineer
292515,Thummel,1965-01-04,1989-08-03,9999-01-01,Assistant Engineer
292828,Tokunaga,1965-01-10,1986-01-08,9999-01-01,Senior Engineer
293080,Slaats,1965-01-12,1987-05-30,9999-01-01,Senior Staff
293154,Maliniak,1965-01-21,1993-06-06,9999-01-01,Senior Staff
293280,Steenbeek,1965-01-24,1987-01-22,9999-01-01,Engineer
293329,Griswold,1965-01-15,1986-06-12,9999-01-01,Engineer
293746,Litecky,1965-01-25,1995-08-27,9999-01-01,Engineer
293752,Bail,1965-01-04,1986-02-18,9999-01-01,Senior Staff
294144,Ermel,1965-01-09,1992-01-11,9999-01-01,Senior Staff
294241,Fiebach,1965-01-12,1994-07-26,9999-01-01,Senior Staff
294446,Ruemmler,1965-01-27,1999-08-13,9999-01-01,Staff
294461,Rosiles,1965-01-14,1985-11-18,9999-01-01,Senior Engineer
294527,Candan,1965-01-04,1992-02-02,9999-01-01,Senior Staff
294652,Brodie,1965-01-27,1998-12-21,9999-01-01,Senior Engineer
294791,Lammel,1965-01-28,1999-10-08,9999-01-01,Assistant Engineer
294857,Ozeri,1965-01-15,1986-07-29,9999-01-01,Senior Engineer
295030,Keirsey,1965-01-01,1985-07-09,9999-01-01,Senior Staff
295236,Fujisawa,1965-01-24,1987-09-13,9999-01-01,Engineer
295254,Pfau,1965-01-15,1985-07-24,9999-01-01,Senior Staff
295255,Bellone,1965-01-04,1988-03-13,9999-01-01,Technique Leader
295262,Pews,1965-01-22,1994-08-06,9999-01-01,Assistant Engineer
295268,Calkin,1965-01-28,1996-12-19,9999-01-01,Senior Staff
295278,Barvinok,1965-01-04,1990-01-02,9999-01-01,Assistant Engineer
295411,Serot,1965-01-18,1997-04-04,9999-01-01,Staff
295857,Ciolek,1965-01-17,1989-12-26,9999-01-01,Senior Staff
296062,Driscoll,1965-01-29,1998-10-03,9999-01-01,Staff
296303,Heyers,1965-01-28,1992-08-04,9999-01-01,Technique Leader
296428,Simmen,1965-01-03,1989-03-07,9999-01-01,Senior Staff
296664,Geffroy,1965-01-31,1987-09-17,9999-01-01,Senior Engineer
296687,Spieker,1965-01-02,1991-05-11,9999-01-01,Senior Staff
296718,Bahl,1965-01-30,1987-12-22,9999-01-01,Senior Engineer
297232,Saoudi,1965-01-16,1999-05-25,9999-01-01,Senior Staff
297431,Ratnakar,1965-01-12,1996-06-23,9999-01-01,Senior Staff
297474,Terkki,1965-01-13,1998-03-11,9999-01-01,Staff
297905,Bahl,1965-01-12,1997-06-18,9999-01-01,Assistant Engineer
297954,Fujisaki,1965-01-13,1995-07-24,9999-01-01,Assistant Engineer
298339,Benzmuller,1965-01-11,1986-09-04,9999-01-01,Engineer
298577,Litecky,1965-01-11,1985-12-02,9999-01-01,Staff
298953,Syang,1965-02-01,1998-12-29,9999-01-01,Staff
299346,Sichman,1965-01-09,1991-02-21,9999-01-01,Senior Staff
299580,Itzfeldt,1965-01-21,1997-01-23,9999-01-01,Engineer
299718,Shobatake,1965-01-15,1997-06-22,9999-01-01,Senior Staff
299737,Itzfeldt,1965-02-01,1985-05-21,9999-01-01,Staff
400046,Christ,1965-01-12,1996-10-07,9999-01-01,Senior Staff
400358,Jullig,1965-01-31,1989-04-13,9999-01-01,Engineer
400683,Manders,1965-01-28,1995-08-05,9999-01-01,Staff
400780,Asser,1965-01-09,1993-11-07,9999-01-01,Engineer
400796,Halevi,1965-01-10,1996-05-30,9999-01-01,Engineer
401154,Kragelund,1965-01-27,1987-05-20,9999-01-01,Staff
401278,Schurmann,1965-01-16,1986-11-11,9999-01-01,Engineer
401333,Shokrollahi,1965-01-30,1986-11-04,9999-01-01,Engineer
401420,Uhrig,1965-01-06,1987-01-31,9999-01-01,Senior Staff
401574,Falco,1965-01-13,1988-01-15,9999-01-01,Technique Leader
402025,Duclos,1965-01-20,1987-09-20,9999-01-01,Engineer
402102,Granlund,1965-01-21,1995-03-19,9999-01-01,Engineer
402664,Janetzko,1965-01-04,1987-01-25,9999-01-01,Senior Engineer
402718,Rettelbach,1965-01-17,1990-02-14,9999-01-01,Engineer
402827,Pollacia,1965-01-28,2002-03-24,9999-01-01,Senior Staff
403010,Sluis,1965-01-16,1985-02-18,9999-01-01,Senior Engineer
403621,Kaminger,1965-01-07,1988-06-04,9999-01-01,Staff
403644,Hainaut,1965-01-19,1995-07-08,9999-01-01,Staff
403954,Bratten,1965-01-10,1990-07-26,9999-01-01,Senior Engineer
404018,Babb,1965-01-11,1998-10-19,9999-01-01,Senior Engineer
404236,Kakkar,1965-01-12,1988-07-22,9999-01-01,Engineer
404462,Setlzner,1965-01-09,1985-07-13,9999-01-01,Senior Engineer
404573,Spelt,1965-01-31,1997-07-05,9999-01-01,Staff
404755,Junet,1965-01-13,1991-04-20,9999-01-01,Senior Staff
404788,Beausoleil,1965-01-16,1998-03-16,9999-01-01,Engineer
405015,Fargier,1965-01-02,1988-06-29,9999-01-01,Senior Staff
405063,Yurov,1965-01-26,2001-11-16,9999-01-01,Senior Engineer
406125,Portugali,1965-01-25,1987-09-27,9999-01-01,Technique Leader
406239,Tomescu,1965-01-09,1995-05-15,9999-01-01,Senior Engineer
406564,Picco,1965-01-25,1995-04-16,9999-01-01,Engineer
406714,Ossenbruggen,1965-02-01,1986-11-21,9999-01-01,Senior Staff
406847,Crouzet,1965-01-24,1999-10-05,9999-01-01,Staff
407522,Raczkowsky,1965-01-25,1996-08-29,9999-01-01,Staff
407837,Erez,1965-02-01,1988-04-02,9999-01-01,Senior Engineer
408019,Chleq,1965-01-01,1986-03-22,9999-01-01,Engineer
408114,Ladret,1965-01-05,1994-01-03,9999-01-01,Engineer
408163,Sethi,1965-01-21,2000-08-12,9999-01-01,Senior Engineer
408417,Daescu,1965-01-19,1994-09-28,9999-01-01,Staff
408437,Solares,1965-01-29,1994-09-22,9999-01-01,Senior Staff
408447,Werthner,1965-01-13,2001-02-20,9999-01-01,Senior Staff
408654,Cochrane,1965-01-09,1986-10-27,9999-01-01,Staff
408953,Claffy,1965-01-26,1993-12-24,9999-01-01,Senior Engineer
409391,Verspoor,1965-01-06,1999-02-28,9999-01-01,Engineer
409798,Tsunoo,1965-01-15,1995-01-19,9999-01-01,Technique Leader
409805,Candan,1965-01-15,1999-03-05,9999-01-01,Senior Engineer
409898,Ishibashi,1965-02-01,1989-09-22,9999-01-01,Engineer
410028,McClurg,1965-01-11,1985-09-17,9999-01-01,Senior Staff
410372,Mitina,1965-01-08,1990-03-04,9999-01-01,Senior Engineer
410433,Riesenhuber,1965-01-19,1992-10-06,9999-01-01,Senior Engineer
410616,Kalorkoti,1965-01-18,1994-04-14,9999-01-01,Senior Engineer
410804,Denos,1965-01-17,1992-06-08,9999-01-01,Senior Engineer
410881,Grabner,1965-01-06,2000-04-05,9999-01-01,Senior Engineer
411070,Brandsma,1965-01-29,1987-05-28,9999-01-01,Engineer
411082,Cangellaris,1965-01-08,1992-04-28,9999-01-01,Engineer
411143,Barbanera,1965-01-08,1996-09-01,9999-01-01,Senior Staff
412404,Jeansoulin,1965-01-15,1999-10-28,9999-01-01,Senior Engineer
412757,Peak,1965-01-03,1999-11-20,9999-01-01,Engineer
413098,Taubenfeld,1965-01-26,1993-04-17,9999-01-01,Staff
413205,Prampolini,1965-01-09,1988-06-12,9999-01-01,Senior Staff
413666,Duclos,1965-01-05,1988-04-18,9999-01-01,Staff
413729,Ernst,1965-01-02,1992-04-26,9999-01-01,Technique Leader
413831,Grabner,1965-01-09,1991-11-25,9999-01-01,Staff
413832,Jahnichen,1965-01-24,1995-03-28,9999-01-01,Senior Staff
414027,Msuda,1965-01-31,1993-02-20,9999-01-01,Engineer
414091,Kuhnemann,1965-01-17,1997-08-19,9999-01-01,Engineer
414543,Anick,1965-01-03,1988-11-19,9999-01-01,Senior Engineer
414551,Copas,1965-01-22,1994-09-13,9999-01-01,Engineer
414662,Schneeberger,1965-01-21,1985-09-20,9999-01-01,Engineer
414714,Delgrande,1965-01-06,1996-11-07,9999-01-01,Senior Staff
414814,Wielonsky,1965-01-28,1999-02-28,9999-01-01,Staff
414897,Willoner,1965-01-17,1989-11-03,9999-01-01,Senior Staff
415187,Peltason,1965-01-03,1998-09-01,9999-01-01,Assistant Engineer
415338,Emmart,1965-01-22,1995-12-24,9999-01-01,Assistant Engineer
415363,Shackell,1965-01-19,1995-02-23,9999-01-01,Senior Staff
415563,Bierbaum,1965-01-21,1986-03-12,9999-01-01,Engineer
416074,Lieberherr,1965-01-08,1987-05-11,9999-01-01,Engineer
416383,Itschner,1965-01-29,1990-03-02,9999-01-01,Senior Engineer
416420,Heemskerk,1965-01-22,1986-08-08,9999-01-01,Senior Staff
416492,Meriste,1965-01-15,1992-08-12,9999-01-01,Senior Engineer
416660,Luke,1965-01-28,1987-09-16,9999-01-01,Senior Engineer
416720,Xiaoshan,1965-01-14,1991-09-19,9999-01-01,Engineer
416877,Orsini,1965-01-02,1988-12-07,9999-01-01,Staff
416892,Vandervoorde,1965-01-03,1996-08-16,9999-01-01,Engineer
417435,Zaumen,1965-01-03,1999-01-29,9999-01-01,Senior Staff
418239,Motley,1965-01-03,1996-03-26,9999-01-01,Senior Engineer
418247,Oppitz,1965-01-08,2002-07-27,9999-01-01,Senior Staff
418298,Pusterhofer,1965-01-08,1995-03-02,9999-01-01,Engineer
418309,Petereit,1965-01-24,1985-02-21,9999-01-01,Engineer
418380,Gornas,1965-01-02,1993-05-20,9999-01-01,Senior Engineer
418566,Snedden,1965-01-27,1996-06-14,9999-01-01,Senior Engineer
418606,Otillio,1965-01-11,1994-01-05,9999-01-01,Engineer
418717,Magliocco,1965-01-20,1987-12-23,9999-01-01,Staff
418860,Dalton,1965-02-01,1992-11-22,9999-01-01,Staff
419099,Broomell,1965-01-15,1998-05-06,9999-01-01,Staff
419953,Orlowski,1965-01-29,1991-07-22,9999-01-01,Senior Staff
420086,Kitsuregawa,1965-01-27,1985-05-28,9999-01-01,Engineer
420476,Bolsens,1965-01-28,1985-06-15,9999-01-01,Senior Staff
420557,Eastman,1965-01-06,1989-08-02,9999-01-01,Staff
420694,Barbanera,1965-01-19,1986-11-04,9999-01-01,Senior Staff
420732,Morrin,1965-01-06,1996-05-27,9999-01-01,Senior Staff
420759,Solovay,1965-01-04,1997-10-03,9999-01-01,Staff
420765,Krider,1965-01-17,1990-03-09,9999-01-01,Senior Staff
420877,Erez,1965-01-29,1990-02-11,9999-01-01,Staff
421022,Butner,1965-01-26,1996-07-13,9999-01-01,Senior Staff
421033,Randt,1965-01-14,1989-12-23,9999-01-01,Senior Staff
421074,Falster,1965-01-07,1994-06-29,9999-01-01,Senior Staff
421312,Bashian,1965-01-13,1999-09-18,9999-01-01,Engineer
421384,Bednarek,1965-01-02,1987-06-01,9999-01-01,Senior Staff
421755,Thiria,1965-01-03,1989-01-11,9999-01-01,Senior Engineer
422146,Miara,1965-01-08,2002-03-13,9999-01-01,Engineer
422783,Uhrig,1965-01-18,1995-09-01,9999-01-01,Engineer
423038,Strehl,1965-01-20,1988-10-04,9999-01-01,Senior Staff
423204,Stranks,1965-01-08,1991-09-13,9999-01-01,Senior Staff
423208,Krone,1965-01-19,1995-02-08,9999-01-01,Engineer
423214,Tetzlaff,1965-01-31,1987-09-24,9999-01-01,Staff
423327,Lichtman,1965-01-27,1994-06-26,9999-01-01,Senior Staff
423350,Monarch,1965-01-04,1988-04-15,9999-01-01,Senior Staff
423633,Tokunaga,1965-01-30,1985-02-11,9999-01-01,Senior Engineer
423993,Kolvik,1965-01-01,1988-12-09,9999-01-01,Technique Leader
424569,Luff,1965-01-14,1997-10-30,9999-01-01,Engineer
424584,Dredge,1965-02-01,1994-02-26,9999-01-01,Engineer
424685,Veevers,1965-01-10,1997-03-03,9999-01-01,Senior Staff
424797,Itschner,1965-01-19,1985-05-16,9999-01-01,Staff
424805,Zallocco,1965-01-24,1987-12-17,9999-01-01,Senior Staff
424930,Reeker,1965-01-19,1988-11-18,9999-01-01,Senior Staff
424984,Waleschkowski,1965-01-11,1996-05-26,9999-01-01,Engineer
425437,Staudhammer,1965-01-03,1999-03-23,9999-01-01,Engineer
425535,Vieri,1965-01-18,1986-08-23,9999-01-01,Senior Staff
425540,Zumaque,1965-01-03,1995-11-12,9999-01-01,Senior Staff
425757,Jiang,1965-01-18,1995-01-31,9999-01-01,Senior Staff
425780,Range,1965-01-15,1989-10-25,9999-01-01,Staff
425830,Conia,1965-01-30,1999-02-13,9999-01-01,Engineer
425875,Kroft,1965-01-19,1990-06-11,9999-01-01,Staff
426153,Luce,1965-01-16,1999-04-06,9999-01-01,Senior Staff
426168,Mateescu,1965-01-10,1987-11-18,9999-01-01,Senior Staff
426228,Badache,1965-01-17,1996-08-17,9999-01-01,Engineer
426235,Rajala,1965-01-31,1991-03-29,9999-01-01,Staff
426644,Broomell,1965-01-13,1995-01-19,9999-01-01,Engineer
426706,Kawashima,1965-01-07,1994-03-15,9999-01-01,Engineer
426795,Lunn,1965-01-07,1986-07-23,9999-01-01,Senior Staff
426818,Fendler,1965-01-21,1992-02-15,9999-01-01,Senior Staff
426819,Kulisch,1965-01-13,1997-05-16,9999-01-01,Engineer
426824,Mawatari,1965-01-25,1997-12-07,9999-01-01,Senior Staff
426958,Viele,1965-01-19,1985-10-03,9999-01-01,Engineer
427313,Kemmerer,1965-01-31,1986-12-04,9999-01-01,Staff
427320,Ramamoorthy,1965-01-13,2000-01-13,9999-01-01,Senior Engineer
427332,Hemaspaandra,1965-01-20,1995-06-04,9999-01-01,Staff
427571,Ranta,1965-01-20,1995-07-03,9999-01-01,Senior Engineer
427776,Navazio,1965-01-25,1989-04-04,9999-01-01,Senior Staff
427805,Compeau,1965-01-21,1997-10-15,9999-01-01,Senior Staff
427823,Gecsei,1965-01-18,1999-07-13,9999-01-01,Staff
427852,Kieras,1965-01-02,1992-07-20,9999-01-01,Senior Engineer
428082,Alpin,1965-01-09,1991-09-11,9999-01-01,Staff
428160,Kalorkoti,1965-01-12,1998-09-06,9999-01-01,Staff
428195,Rosca,1965-01-11,1993-08-02,9999-01-01,Staff
428219,Androutsos,1965-01-21,1987-12-26,9999-01-01,Senior Staff
428917,Billawala,1965-01-23,1989-02-17,9999-01-01,Engineer
429087,Senzako,1965-01-27,1992-10-15,9999-01-01,Technique Leader
429231,Schmiedel,1965-01-09,1985-09-07,9999-01-01,Senior Staff
429238,Luck,1965-01-29,1989-05-11,9999-01-01,Senior Staff
429249,Wolniewicz,1965-01-28,1993-11-09,9999-01-01,Engineer
429316,Hiraishi,1965-01-08,1994-08-10,9999-01-01,Senior Staff
429381,Roohalamini,1965-01-06,1986-11-26,9999-01-01,Staff
429481,Emmerich,1965-01-09,1996-03-06,9999-01-01,Engineer
429520,Francisci,1965-01-06,1999-12-01,9999-01-01,Engineer
429532,Vendrig,1965-01-25,1992-06-06,9999-01-01,Senior Staff
429569,Chappelet,1965-01-03,1992-09-03,9999-01-01,Engineer
429703,Honglei,1965-01-06,1986-09-02,9999-01-01,Senior Staff
429899,Marsiglia,1965-01-30,1999-08-13,9999-01-01,Staff
429954,Gladwell,1965-01-26,1999-02-27,9999-01-01,Staff
430054,Setiz,1965-01-22,1993-06-10,9999-01-01,Engineer
430558,Roisin,1965-01-07,1988-03-01,9999-01-01,Engineer
430593,Lanzelotte,1965-01-19,1997-12-01,9999-01-01,Senior Staff
430631,Marsiglia,1965-01-17,1994-02-19,9999-01-01,Engineer
430891,Gien,1965-01-06,1991-08-06,9999-01-01,Senior Engineer
431576,Back,1965-01-06,1993-04-12,9999-01-01,Senior Staff
431657,Thiran,1965-01-31,1986-11-14,9999-01-01,Engineer
431882,Varman,1965-01-21,1997-06-19,9999-01-01,Engineer
431887,Ranst,1965-01-05,1996-06-01,9999-01-01,Senior Engineer
432031,Matzat,1965-01-11,1987-03-01,9999-01-01,Staff
432034,Uehara,1965-01-24,1994-07-10,9999-01-01,Senior Staff
432121,Straney,1965-01-06,1986-11-15,9999-01-01,Senior Staff
432257,Hiltgen,1965-01-20,1998-12-22,9999-01-01,Engineer
432261,Bergere,1965-01-30,1987-07-28,9999-01-01,Engineer
432399,Nollmann,1965-01-19,1993-09-29,9999-01-01,Senior Engineer
432523,Maquelin,1965-01-21,1997-07-21,9999-01-01,Engineer
432665,Driscoll,1965-01-02,1994-05-28,9999-01-01,Senior Engineer
432787,Ibel,1965-01-16,1996-11-23,9999-01-01,Senior Engineer
432956,Birrer,1965-01-25,1986-05-13,9999-01-01,Senior Staff
433059,Montresor,1965-01-02,1995-02-04,9999-01-01,Staff
433157,Serna,1965-01-16,1999-10-23,9999-01-01,Staff
433260,Olivero,1965-02-01,1991-06-01,9999-01-01,Assistant Engineer
433438,Miyakawa,1965-01-06,1993-09-12,9999-01-01,Staff
434845,Skogmar,1965-01-11,1985-06-07,9999-01-01,Staff
434936,Rosis,1965-01-15,1994-06-24,9999-01-01,Engineer
435042,Borstler,1965-01-10,1995-10-09,9999-01-01,Staff
435060,Lieblein,1965-01-16,1996-07-12,9999-01-01,Staff
435181,Fiutem,1965-01-16,1992-05-10,9999-01-01,Staff
435289,Schurmann,1965-01-04,1987-02-15,9999-01-01,Staff
435305,Pramanik,1965-01-21,1993-01-23,9999-01-01,Staff
435370,Basart,1965-01-16,1991-05-17,9999-01-01,Senior Staff
435588,Pepe,1965-01-29,1994-04-12,9999-01-01,Senior Staff
435602,Kranzdorf,1965-01-29,1992-10-04,9999-01-01,Senior Staff
435774,Bharadwaj,1965-01-09,1992-04-01,9999-01-01,Staff
435791,Speer,1965-01-07,1994-03-07,9999-01-01,Engineer
436558,Greibach,1965-01-08,1992-05-24,9999-01-01,Senior Engineer
436797,Henders,1965-01-24,1990-11-03,9999-01-01,Senior Staff
436827,Limongiello,1965-01-30,1988-03-10,9999-01-01,Senior Staff
436915,Haraldson,1965-01-13,1998-10-11,9999-01-01,Staff
437276,DeMori,1965-01-17,1987-12-07,9999-01-01,Senior Staff
437369,Biran,1965-02-01,1995-01-25,9999-01-01,Senior Staff
437395,Thambidurai,1965-01-21,1996-08-24,9999-01-01,Staff
437724,Luft,1965-01-17,1994-12-14,9999-01-01,Staff
437870,Lorho,1965-01-07,2001-03-17,9999-01-01,Staff
438038,Giaccio,1965-01-01,2001-10-03,9999-01-01,Senior Staff
438264,Barreiro,1965-01-19,1991-09-27,9999-01-01,Senior Staff
438557,Swist,1965-01-30,1999-09-16,9999-01-01,Engineer
439377,Plessier,1965-01-28,1997-07-04,9999-01-01,Senior Engineer
439905,Levasseur,1965-01-03,1990-03-16,9999-01-01,Staff
439924,Kisuki,1965-01-30,1994-08-14,9999-01-01,Staff
440325,Sullins,1965-01-10,1999-09-25,9999-01-01,Senior Staff
440435,Rosti,1965-01-03,1991-11-26,9999-01-01,Senior Engineer
440450,Scharstein,1965-01-16,1994-06-16,9999-01-01,Senior Staff
440642,Kalsbeek,1965-01-14,1988-01-06,9999-01-01,Senior Staff
440870,Hasham,1965-01-01,1996-10-14,9999-01-01,Staff
440937,Usery,1965-01-18,1992-10-13,9999-01-01,Senior Staff
441197,Legleitner,1965-01-18,1985-06-28,9999-01-01,Senior Staff
441536,Collette,1965-01-10,1995-10-09,9999-01-01,Senior Engineer
441954,Marchegay,1965-01-03,1999-06-13,9999-01-01,Engineer
441965,Heijenga,1965-01-12,1988-08-30,9999-01-01,Staff
442002,Baig,1965-01-03,1992-03-17,9999-01-01,Senior Staff
442096,DiGiano,1965-01-15,1990-06-15,9999-01-01,Senior Engineer
442312,Cusworth,1965-01-05,1991-06-07,9999-01-01,Senior Engineer
442490,Luke,1965-01-08,1994-10-17,9999-01-01,Engineer
442653,Hebden,1965-01-04,1995-10-20,9999-01-01,Engineer
442700,Masada,1965-01-06,1997-08-11,9999-01-01,Staff
442898,Gire,1965-01-07,1999-06-27,9999-01-01,Engineer
443108,Atrawala,1965-01-14,1998-11-29,9999-01-01,Senior Staff
443485,Klerer,1965-01-23,1990-04-14,9999-01-01,Senior Staff
443841,Kading,1965-01-08,1992-07-16,9999-01-01,Senior Staff
443873,Ramsay,1965-01-20,2000-06-16,9999-01-01,Senior Staff
444070,Skrikant,1965-01-15,1990-11-27,9999-01-01,Staff
444099,Worfolk,1965-01-28,1988-03-22,9999-01-01,Senior Staff
444208,Cesareni,1965-01-27,1985-10-30,9999-01-01,Senior Staff
444465,Bultermann,1965-01-13,1998-10-25,9999-01-01,Senior Engineer
444487,Rullman,1965-01-03,1994-04-09,9999-01-01,Senior Engineer
444643,Schonegge,1965-01-18,1998-06-28,9999-01-01,Staff
445067,Kawashima,1965-01-28,1990-02-27,9999-01-01,Engineer
445152,Peac,1965-01-09,1985-03-20,9999-01-01,Senior Staff
445226,Baumann,1965-01-01,1987-01-22,9999-01-01,Senior Engineer
445570,Nations,1965-01-25,1986-08-11,9999-01-01,Technique Leader
445723,Roison,1965-01-31,1991-07-12,9999-01-01,Senior Staff
445941,Dechter,1965-01-11,1985-09-25,9999-01-01,Technique Leader
445950,Valtorta,1965-01-23,1992-12-09,9999-01-01,Engineer
446121,Cochrane,1965-01-11,1999-12-13,9999-01-01,Staff
446306,Kabayashi,1965-01-22,1991-06-10,9999-01-01,Senior Engineer
446424,Nooteboom,1965-01-16,1985-11-24,9999-01-01,Engineer
446897,Dalton,1965-01-22,1992-09-30,9999-01-01,Technique Leader
446959,Passino,1965-01-29,1995-01-28,9999-01-01,Senior Engineer
447018,Miara,1965-01-17,1992-12-04,9999-01-01,Engineer
447135,Rouquie,1965-01-31,1989-08-24,9999-01-01,Senior Staff
447232,Schaaf,1965-01-22,2000-01-10,9999-01-01,Senior Staff
447376,Zongker,1965-01-07,1999-12-10,9999-01-01,Staff
447544,Kakkad,1965-01-22,1989-02-19,9999-01-01,Senior Staff
447613,Restivo,1965-01-15,1986-11-21,9999-01-01,Engineer
447877,Heuser,1965-01-13,1988-07-02,9999-01-01,Engineer
447931,Jeong,1965-01-11,1990-12-14,9999-01-01,Senior Staff
447966,Hebert,1965-01-05,1997-01-17,9999-01-01,Senior Engineer
447982,Baezner,1965-01-25,1990-12-17,9999-01-01,Senior Engineer
447999,Vilarrasa,1965-01-05,1990-08-01,9999-01-01,Engineer
448769,Dichev,1965-01-18,1997-10-11,9999-01-01,Technique Leader
448900,Talmor,1965-01-16,1999-05-11,9999-01-01,Staff
448918,Arlazarov,1965-01-23,1989-10-06,9999-01-01,Senior Engineer
448994,Syang,1965-01-12,1997-02-11,9999-01-01,Staff
449189,Bernatsky,1965-01-30,1995-09-30,9999-01-01,Senior Staff
449815,Quittner,1965-01-27,1988-04-20,9999-01-01,Senior Staff
449984,Perin,1965-02-01,1985-11-20,9999-01-01,Engineer
450184,Henseler,1965-01-11,1993-03-09,9999-01-01,Senior Engineer
450255,Waymire,1965-01-31,1986-06-14,9999-01-01,Technique Leader
450309,Orlowska,1965-01-08,1986-12-25,9999-01-01,Technique Leader
450475,Bahl,1965-01-21,1991-01-29,9999-01-01,Senior Staff
450817,Frolund,1965-01-10,1987-07-17,9999-01-01,Engineer
450888,Rande,1965-01-03,1995-03-25,9999-01-01,Senior Staff
450934,Raoux,1965-01-23,1992-05-25,9999-01-01,Engineer
450936,Ponthieu,1965-01-18,1991-12-11,9999-01-01,Senior Staff
451253,Ozeri,1965-01-15,1991-06-21,9999-01-01,Senior Staff
451272,Krohm,1965-01-02,1991-04-24,9999-01-01,Engineer
451275,Isard,1965-01-25,1986-06-07,9999-01-01,Senior Staff
451333,Bonifati,1965-01-15,1995-03-11,9999-01-01,Senior Staff
452137,Miake,1965-01-15,1999-01-09,9999-01-01,Engineer
452206,Esposito,1965-01-22,1994-11-03,9999-01-01,Staff
452325,Berstel,1965-01-14,1996-12-02,9999-01-01,Engineer
452347,Brattka,1965-01-07,1996-07-13,9999-01-01,Senior Staff
452365,Gadepally,1965-01-05,1988-11-13,9999-01-01,Assistant Engineer
452956,Thombley,1965-01-17,1990-11-07,9999-01-01,Senior Engineer
452957,Nanard,1965-01-03,1996-02-10,9999-01-01,Staff
452982,Aloia,1965-01-29,1994-12-29,9999-01-01,Senior Staff
453070,Rosenbaum,1965-01-06,1991-04-25,9999-01-01,Staff
453154,Lally,1965-01-03,1996-03-01,9999-01-01,Staff
453644,Takkinen,1965-01-07,1992-06-08,9999-01-01,Senior Staff
453688,Leslie,1965-01-24,1995-10-28,9999-01-01,Engineer
453723,Kohling,1965-01-15,1985-12-13,9999-01-01,Senior Engineer
453760,Rajala,1965-01-13,1996-06-21,9999-01-01,Senior Staff
453790,Keirsey,1965-01-11,1994-10-12,9999-01-01,Engineer
453913,Perng,1965-01-23,1993-04-29,9999-01-01,Senior Staff
454338,Georg,1965-01-24,1998-08-03,9999-01-01,Engineer
454378,Ossenbruggen,1965-01-06,1998-01-03,9999-01-01,Technique Leader
454736,Ermel,1965-01-24,1995-06-05,9999-01-01,Engineer
454791,Pietracaprina,1965-01-22,1994-07-09,9999-01-01,Senior Engineer
454825,Schusler,1965-01-02,1995-05-25,9999-01-01,Senior Engineer
454994,Picht,1965-01-01,1991-02-24,9999-01-01,Engineer
455175,Zaumen,1965-01-14,1992-02-22,9999-01-01,Staff
455284,Baig,1965-01-09,1996-07-12,9999-01-01,Senior Engineer
455726,Kriebel,1965-01-08,1987-12-13,9999-01-01,Senior Staff
455814,DuCasse,1965-01-28,1991-07-19,9999-01-01,Senior Engineer
455914,Angelopoulos,1965-01-01,1989-07-23,9999-01-01,Engineer
456767,Schreiter,1965-01-24,1987-07-17,9999-01-01,Senior Staff
456982,Dratva,1965-01-07,1989-01-05,9999-01-01,Engineer
457070,Plavsic,1965-01-25,1987-08-06,9999-01-01,Senior Staff
457146,Heyers,1965-01-20,1999-01-07,9999-01-01,Staff
457305,Lakshmanan,1965-01-15,1994-09-03,9999-01-01,Staff
457337,Beidas,1965-01-31,1995-04-27,9999-01-01,Technique Leader
457411,Peck,1965-01-13,1988-04-18,9999-01-01,Senior Engineer
457489,Ranst,1965-01-24,1985-05-14,9999-01-01,Engineer
457611,Krogh,1965-01-09,1998-09-18,9999-01-01,Engineer
457776,Siepmann,1965-01-15,1987-12-21,9999-01-01,Engineer
457813,Gargeya,1965-01-28,1992-01-24,9999-01-01,Senior Engineer
457832,Zielinski,1965-02-01,1997-09-12,9999-01-01,Senior Engineer
457938,Picco,1965-01-14,1997-10-22,9999-01-01,Senior Staff
458111,Tramer,1965-01-23,1999-11-07,9999-01-01,Engineer
458134,Standera,1965-01-11,1985-03-20,9999-01-01,Senior Staff
458191,Atchley,1965-01-28,1997-07-02,9999-01-01,Staff
458383,Foote,1965-01-06,1999-04-23,9999-01-01,Engineer
458726,Kitai,1965-01-13,1986-12-26,9999-01-01,Senior Staff
458790,Azadmanesh,1965-01-17,1988-11-19,9999-01-01,Engineer
459172,Rissanen,1965-01-19,1993-11-20,9999-01-01,Assistant Engineer
459356,Wendorf,1965-01-21,1998-12-25,9999-01-01,Engineer
459429,Verhaegen,1965-01-14,1992-05-27,9999-01-01,Senior Staff
459685,Goldhammer,1965-02-01,1998-03-12,9999-01-01,Engineer
460131,Hambrick,1965-01-16,1997-07-25,9999-01-01,Staff
460691,Gihr,1965-01-16,1989-12-06,9999-01-01,Senior Staff
460707,Lanteri,1965-01-07,1996-12-25,9999-01-01,Engineer
460920,Mitzlaff,1965-01-22,1986-04-06,9999-01-01,Senior Staff
461120,Gelosh,1965-01-18,2001-04-01,9999-01-01,Senior Engineer
461270,Mawatari,1965-01-10,1996-01-03,9999-01-01,Staff
461801,Cooman,1965-01-03,1993-04-18,9999-01-01,Senior Staff
462493,Gerlach,1965-01-12,1988-07-26,9999-01-01,Senior Engineer
462795,Cummings,1965-01-05,1994-07-10,9999-01-01,Senior Staff
463023,Penn,1965-01-06,1999-01-21,9999-01-01,Staff
463099,Schmiedel,1965-01-15,1990-09-21,9999-01-01,Senior Staff
463212,Rossi,1965-01-09,2001-09-02,9999-01-01,Senior Engineer
463472,Sethi,1965-01-11,2000-06-11,9999-01-01,Technique Leader
463495,Barriga,1965-01-28,1988-05-06,9999-01-01,Senior Staff
464284,Henders,1965-01-20,1993-05-19,9999-01-01,Senior Staff
464303,Nyrup,1965-01-22,1986-08-02,9999-01-01,Senior Staff
465062,Gist,1965-01-29,1988-05-07,9999-01-01,Engineer
465076,Ghelli,1965-01-19,1985-05-05,9999-01-01,Engineer
465085,Gunderson,1965-01-18,1996-03-18,9999-01-01,Senior Staff
465409,Varman,1965-01-30,1985-08-27,9999-01-01,Senior Staff
465501,Gire,1965-01-05,1992-11-09,9999-01-01,Senior Staff
465711,Frijda,1965-01-06,1990-04-21,9999-01-01,Engineer
465853,Kampfer,1965-01-01,1998-10-16,9999-01-01,Staff
465874,Picht,1965-01-12,1985-05-31,9999-01-01,Engineer
466064,Danlos,1965-01-31,1994-06-13,9999-01-01,Senior Staff
466367,Strandh,1965-01-05,1989-06-05,9999-01-01,Senior Staff
466509,Verhoeff,1965-01-26,1988-03-22,9999-01-01,Engineer
466603,Nourani,1965-01-23,1991-08-01,9999-01-01,Senior Staff
466745,Birsak,1965-01-26,1995-10-16,9999-01-01,Staff
467176,Borovoy,1965-01-05,1993-06-18,9999-01-01,Senior Staff
467269,Lambe,1965-01-18,1989-08-31,9999-01-01,Technique Leader
467392,Rikino,1965-01-07,1995-04-13,9999-01-01,Engineer
467441,Bondorf,1965-01-13,1988-11-07,9999-01-01,Engineer
467591,Hennebert,1965-01-17,2001-03-06,9999-01-01,Staff
467886,Chandrasekhar,1965-01-02,1996-01-24,9999-01-01,Senior Staff
467918,Skrikant,1965-01-03,1997-10-21,9999-01-01,Staff
468360,Saoudi,1965-01-12,1994-08-10,9999-01-01,Technique Leader
468417,Huhdanpaa,1965-01-25,1993-08-26,9999-01-01,Engineer
468659,Lemarechal,1965-01-18,1989-11-05,9999-01-01,Engineer
468773,Brookner,1965-01-27,1993-09-22,9999-01-01,Senior Engineer
469104,Comellas,1965-01-21,1999-01-22,9999-01-01,Senior Engineer
469253,Basawa,1965-01-17,1993-09-17,9999-01-01,Engineer
469269,Codenie,1965-01-23,1989-05-27,9999-01-01,Senior Engineer
469366,Wilfing,1965-01-12,1990-12-30,9999-01-01,Senior Engineer
469399,Ruemmler,1965-01-25,2000-06-06,9999-01-01,Engineer
469527,Ibel,1965-01-24,1998-03-05,9999-01-01,Staff
469529,Rikino,1965-01-07,1988-10-21,9999-01-01,Senior Engineer
469735,Stranks,1965-01-30,1992-11-16,9999-01-01,Senior Engineer
469867,Jonsson,1965-01-23,1985-02-12,9999-01-01,Senior Staff
470456,Oehlmann,1965-01-13,1986-03-29,9999-01-01,Senior Staff
470472,Staudhammer,1965-02-01,1985-12-03,9999-01-01,Senior Engineer
471397,Zirintsis,1965-02-01,1999-07-23,9999-01-01,Engineer
471532,Decleir,1965-01-17,1998-09-13,9999-01-01,Technique Leader
471552,Lortz,1965-01-22,1997-10-25,9999-01-01,Staff
471911,Zaccaria,1965-01-14,1990-05-31,9999-01-01,Assistant Engineer
471939,Marshall,1965-01-27,2001-06-04,9999-01-01,Staff
472052,Chinal,1965-01-26,1995-12-09,9999-01-01,Assistant Engineer
472143,Sommen,1965-01-25,1996-08-14,9999-01-01,Senior Staff
472238,Gubsky,1965-01-31,1990-10-09,9999-01-01,Senior Engineer
472790,Ibel,1965-01-23,1985-10-29,9999-01-01,Senior Engineer
472950,Fordan,1965-01-29,1986-03-27,9999-01-01,Senior Engineer
473268,Sgarro,1965-01-01,1992-04-24,9999-01-01,Senior Staff
473299,Penn,1965-01-12,1992-05-19,9999-01-01,Senior Staff
473490,Reeker,1965-01-06,1992-05-11,9999-01-01,Senior Staff
473940,Majewski,1965-01-16,1998-01-10,9999-01-01,Engineer
474331,Eugenio,1965-01-29,1994-03-02,9999-01-01,Senior Staff
474763,Clouatre,1965-01-07,1997-09-04,9999-01-01,Engineer
474796,Shackel,1965-01-10,1987-08-17,9999-01-01,Technique Leader
475087,Snedden,1965-01-31,1988-10-21,9999-01-01,Senior Engineer
475258,Feinberg,1965-01-10,2000-02-12,9999-01-01,Senior Staff
475538,Leaver,1965-01-15,1998-10-31,9999-01-01,Staff
475938,Lanteri,1965-01-14,1989-02-17,9999-01-01,Senior Engineer
475965,Pietracaprina,1965-01-02,1985-07-10,9999-01-01,Engineer
476055,Schlumberger,1965-01-03,1993-03-07,9999-01-01,Staff
476122,Spieker,1965-01-04,1995-05-07,9999-01-01,Engineer
476327,Binkley,1965-01-31,1995-05-29,9999-01-01,Engineer
476361,Preusig,1965-01-09,1993-04-28,9999-01-01,Technique Leader
477350,Vigier,1965-01-01,1998-07-08,9999-01-01,Staff
477578,Paludetto,1965-01-23,1990-09-30,9999-01-01,Senior Engineer
477969,Mundy,1965-01-18,1991-10-18,9999-01-01,Engineer
478007,Narahara,1965-01-06,1991-09-21,9999-01-01,Engineer
478170,Schoegge,1965-01-22,1995-04-13,9999-01-01,Assistant Engineer
478218,Erol,1965-01-02,1999-12-03,9999-01-01,Engineer
478439,Bale,1965-01-15,1997-11-04,9999-01-01,Technique Leader
478768,Katzenelson,1965-01-03,1991-10-28,9999-01-01,Engineer
478799,Borovoy,1965-01-18,1991-05-11,9999-01-01,Senior Staff
478833,Valiente,1965-01-30,1992-09-19,9999-01-01,Engineer
478858,Perna,1965-01-20,1999-11-08,9999-01-01,Staff
479024,Kalorkoti,1965-01-03,1996-12-21,9999-01-01,Engineer
479407,Tomescu,1965-01-18,1986-11-25,9999-01-01,Assistant Engineer
479601,Bahi,1965-01-19,1997-02-19,9999-01-01,Staff
479695,Murrill,1965-01-06,1999-06-23,9999-01-01,Staff
480035,Georg,1965-01-26,1990-08-26,9999-01-01,Staff
480066,Menhardt,1965-01-31,1994-07-26,9999-01-01,Senior Engineer
480178,Rahier,1965-01-03,1991-02-10,9999-01-01,Senior Staff
480268,Cheshire,1965-01-18,1989-03-30,9999-01-01,Technique Leader
480407,Bennis,1965-01-01,1989-06-24,9999-01-01,Engineer
481050,Burnard,1965-01-16,1990-10-15,9999-01-01,Senior Staff
481213,Haldar,1965-01-08,1991-12-14,9999-01-01,Staff
481397,Chelton,1965-01-31,1998-08-13,9999-01-01,Assistant Engineer
481764,Marrakchi,1965-01-27,1986-08-26,9999-01-01,Senior Engineer
481790,Erie,1965-01-22,1999-01-01,9999-01-01,Senior Engineer
482335,Peck,1965-01-26,1994-01-16,9999-01-01,Engineer
482354,Zockler,1965-01-23,1999-11-06,9999-01-01,Staff
482755,Conia,1965-01-03,1994-10-31,9999-01-01,Staff
482885,Brizzi,1965-01-29,1988-09-02,9999-01-01,Engineer
482905,Hebden,1965-01-16,1991-09-10,9999-01-01,Senior Staff
482944,Journel,1965-01-26,1991-10-26,9999-01-01,Staff
483401,Pokrovskii,1965-01-10,1996-08-03,9999-01-01,Senior Staff
483675,Kamber,1965-01-22,1988-02-16,9999-01-01,Engineer
483825,Mitchem,1965-01-22,1992-11-20,9999-01-01,Senior Engineer
483838,Kavanagh,1965-01-03,1997-12-18,9999-01-01,Assistant Engineer
483978,Tanemo,1965-01-24,1990-01-28,9999-01-01,Senior Staff
484126,Lueh,1965-01-05,1989-04-07,9999-01-01,Senior Staff
484142,Cooman,1965-01-05,1987-04-23,9999-01-01,Staff
484498,Hammerschmidt,1965-01-26,1996-08-22,9999-01-01,Engineer
484756,Ruemmler,1965-01-16,1990-08-09,9999-01-01,Engineer
485253,Parhami,1965-01-14,1996-07-20,9999-01-01,Senior Staff
485489,Armand,1965-01-01,1986-12-14,9999-01-01,Senior Engineer
485577,Menhoudj,1965-01-30,1997-04-27,9999-01-01,Senior Engineer
485579,Iwayama,1965-01-18,1986-12-16,9999-01-01,Engineer
485799,Litvinov,1965-01-27,1997-11-22,9999-01-01,Senior Staff
485817,Bolotov,1965-01-29,1997-02-21,9999-01-01,Engineer
486068,Bernardeschi,1965-01-11,1996-06-26,9999-01-01,Senior Staff
486808,Siochi,1965-01-05,1998-12-27,9999-01-01,Senior Engineer
486918,Remmers,1965-01-18,1994-11-01,9999-01-01,Senior Staff
486956,Ruemmler,1965-01-01,1993-10-14,9999-01-01,Engineer
486958,Kropf,1965-01-06,1986-07-30,9999-01-01,Engineer
487008,Raney,1965-01-22,1993-05-26,9999-01-01,Senior Staff
487505,Jayawardene,1965-01-20,1987-11-02,9999-01-01,Senior Staff
487988,Schaft,1965-01-05,1990-05-20,9999-01-01,Senior Staff
488095,Hegner,1965-01-24,1997-12-23,9999-01-01,Senior Staff
488142,Narlikar,1965-01-05,1991-07-01,9999-01-01,Staff
488482,Tsunoo,1965-01-30,1999-12-05,9999-01-01,Engineer
488540,Maquelin,1965-01-22,1996-04-12,9999-01-01,Senior Staff
488619,Bennis,1965-01-25,1998-04-11,9999-01-01,Engineer
488693,Zultner,1965-01-27,1993-03-10,9999-01-01,Senior Engineer
488707,Remmers,1965-01-16,1990-03-01,9999-01-01,Staff
488752,Baja,1965-01-23,1994-02-09,9999-01-01,Senior Staff
488788,Garigliano,1965-01-12,1990-09-21,9999-01-01,Senior Staff
488984,Junet,1965-01-18,1992-11-12,9999-01-01,Senior Staff
489755,Chorvat,1965-01-14,1999-12-04,9999-01-01,Senior Staff
489756,Miculan,1965-01-01,1992-06-09,9999-01-01,Senior Staff
489928,Janetzko,1965-01-28,1997-07-26,9999-01-01,Assistant Engineer
490551,Lindqvist,1965-01-01,1998-11-07,9999-01-01,Engineer
490557,Vigier,1965-01-27,1994-07-01,9999-01-01,Engineer
490568,Reistad,1965-01-01,1998-07-23,9999-01-01,Senior Engineer
490720,Samarati,1965-01-19,2002-05-18,9999-01-01,Senior Engineer
491079,Keirsey,1965-01-06,1992-02-04,9999-01-01,Senior Engineer
491162,Hempstead,1965-01-14,1994-08-29,9999-01-01,Senior Engineer
491478,Varman,1965-01-16,1988-06-18,9999-01-01,Staff
491596,Pargas,1965-01-21,1992-08-03,9999-01-01,Senior Engineer
491632,Perly,1965-01-01,1986-10-20,9999-01-01,Senior Staff
492000,Cools,1965-01-10,1993-12-16,9999-01-01,Senior Staff
492052,Ratnakar,1965-01-11,1999-11-30,9999-01-01,Staff
492217,Verhaegen,1965-01-16,1991-09-28,9999-01-01,Senior Engineer
492639,Porenta,1965-01-30,1997-07-10,9999-01-01,Engineer
492677,McAffer,1965-01-26,1988-02-05,9999-01-01,Engineer
493031,Jakobus,1965-01-23,1991-07-30,9999-01-01,Senior Staff
493048,Berztiss,1965-01-31,1995-01-23,9999-01-01,Senior Staff
493096,Msuda,1965-01-31,1995-04-07,9999-01-01,Engineer
493744,Kropatsch,1965-01-14,1997-07-17,9999-01-01,Senior Engineer
494019,Iisaku,1965-01-16,1991-05-06,9999-01-01,Senior Staff
494088,Dahlbom,1965-01-10,1989-02-06,9999-01-01,Senior Engineer
494493,Koprowski,1965-01-10,1996-11-20,9999-01-01,Staff
494995,Pouyioutas,1965-01-04,1989-08-24,9999-01-01,Senior Staff
496100,Reinhard,1965-01-07,1995-05-08,9999-01-01,Staff
496970,Maquelin,1965-01-03,1999-12-31,9999-01-01,Senior Engineer
496978,Debuse,1965-01-30,1993-09-10,9999-01-01,Senior Staff
497007,Adachi,1965-01-23,1998-08-09,9999-01-01,Engineer
497174,Bressoud,1965-01-02,1993-04-27,9999-01-01,Senior Engineer
497340,Keohane,1965-01-06,1990-09-19,9999-01-01,Senior Staff
497391,Lieblein,1965-01-30,1999-05-19,9999-01-01,Engineer
497835,Laurillard,1965-01-29,1999-10-06,9999-01-01,Technique Leader
498185,Marciano,1965-01-19,1999-06-06,9999-01-01,Senior Engineer
498337,Docker,1965-01-30,1997-05-17,9999-01-01,Staff
498456,Gerteisen,1965-01-17,1987-06-05,9999-01-01,Senior Staff
498635,Pezzoli,1965-01-09,1988-07-22,9999-01-01,Senior Staff
498838,Ciolek,1965-01-16,1989-12-13,9999-01-01,Senior Staff
498845,Pelc,1965-01-09,1999-11-13,9999-01-01,Senior Engineer
498955,Kandlur,1965-01-13,1995-01-16,9999-01-01,Engineer
499194,Delgrange,1965-01-29,1999-08-27,9999-01-01,Senior Staff
499260,Honglei,1965-01-11,1998-09-14,9999-01-01,Engineer
499495,Kakkar,1965-01-14,1999-08-30,9999-01-01,Engineer
